PART NUMBER	NAME	MAKE/MODEL	CATEGORY
16361-17040	Fun	LAND CRUISER 79	MK
04371-60060	Universal joint FRONT	LAND CRUISER 70 Series	Genuine
M720AI	Main Bearing(0.50)	1KD/2KD/1KZ	All Parts
17567-17020	Exhaust Mountain	LAND CRUISER 70 Series	Genuine
13711-54050	Exhaust Valve	HIACE 5L	Taiho
Wheel-Nut	LAND CRUISER 79	Genuine	GMB Japan
35892	Piston rings(0.50)	3L	Digue
23380-17541	Feed Pump	LAND CRUISER 79	Koyo japan
13103-30102	Piston(0.50)	LAND CRUISER 79	Genuine
04311-6100	Upper clutch kit	1HZ	genuine
90385-13009	Front Link Bush/ Eye Bush	1HZ	Genuine
31210-36330	Pressure Plate	LAND CRUISER 79/ 1KD	MK
90916-02452	Fan belt(set)	LAND CRUISER 79	Digue
DT-036V	Clutch plate	LAND CRUISER 75 Tourist	Japan(Aisin)
35987	Piston rings(STD)	1KD	All Parts
04465-60340	Pad Kit Disc Brake Front	Prado 1KD	Genuine
GUT-20	Universal joint	LAND CRUISER 79(rear)	Digue
48511-69676	Shock Absorber(Front)	LAND CRUISER 79	All Parts
D2177M-01	Brake Pads	LAND CRUISER 79	Koyo japan
90915-YZZD4	Oil Filter	1KD/2KD	Genuine
31230-60201	Release Bearing	Prado 1KD	Genuine
16571-17020	Hose Pipe(Upper)	LAND CRUISER 79	Genuine
47061-60030	Adjuster(Right hand)	LAND CRUISER 79	555(Japan)
45044-69135	Tie rod Front	LAND CRUISER 79	GMB Japan
DT-068V	Clutch plate	HIACE 5L/3L/ITR/2TR	OSK
48674-26040	Control Arm Bush	7L	Digue
69820-60300	Welding Machine	7L	Genuine
DTX-172	Clutch plate	2KD	MK
33362-60031	hub	LAND CRUISER 79(New model	Digue
T729A	Thrust washer(0.50)	5L/3L	Taiho
90311-35032	Seal (diff)	3L/5L (4x4)	GMB Japan
90501-08212	Compression Spring(0.50)	LAND CRUISER 79	Genuine
T037A	Thrust washer(STD)(0.25)	3L/5L/2L	Taiho
90311-41009	Seal (Rear diff)	1HZ	Genuine
200701	Release Bearing	5L/3L	MK
90385-11021	Rear Link Bush/eye Bush	LAND CRUISER 79	Koyo japan
30308DJR	Diff Bearing	LAND CRUISER 79	Digue
47061-60030	Adjuster(Right hand)	LAND CRUISER 79	GMB Japan
43530-60130	Wheel Hub	LAND CRUISER 79	OSK
36211-60090	Connector shaft	1HZ	Genuine
13101-54101	Piston	3L	All Parts
90385-19003	Rear Shock Bush	7L	Genuine
35892	Piston rings(0.50)	Prado 1KD	Tp(Japan)
04495-60080	Brake Lining	1HZ	Genuine
DT-068V	Clutch plate	LAND CRUISER 75 Tourist	Japan(Aisin)
33037-60050	Synchronizer ring (No 2)(0.50)	LAND CRUISER 79	Genuine
43530-60130	Wheel Hub	Prado 1KD	Aisin(japan)
11701-75033-02	Con Bearing(STD)(0.25)	1TR	Genuine
SB-3972	Ball joint	7L	All Parts
15121-54020	Oil Gear	3L/5L	Digue
33212-35032	Fork (Number 1)	LAND CRUISER 79	GMB Japan
D2177M-01	Brake Pads	5L/3L	MK
17567-61030	Exhaust Mountain	LAND CRUISER 79	Digue
31204-36110	Fork	LAND CRUISER 70 Series	Genuine
CTX--064	Pressure Plate	5L/3L	Digue
90215-42025	Stopper axle Washer	LAND CRUISER 79	Taiho
90311-85009	Seal(Rear crunk shaft)	3L/5L	Koyo japan
69058-60141	Fuel cap	LAND CRUISER 79	Digue
48824-60130	Bracket(Right)	5L/3L	Genuine
09340-6280	Nozzle	7L	Denso
47062-60020	Adjuster(Left hand)	LAND CRUISER 70 Series	Genuine
90389-22003	Rear Spring Bush	LAND CRUISER 79	Koyo japan
90364-38011	Needle Bearing(gear)	Prado 1KD	Genuine
90363-35030	Transfer Input Bearing	1HZ	Genuine
GWT-91A	Water Pump	LAND CRUISER 70 Series	GMB Japan
33366-35050	Synchromesh key/lock	LAND CRUISER 79	Genuine
13715-17010	Exhaust Valve	LAND CRUISER 79	Aisin
48706-60030	Hard Pan Bush	LAND CRUISER 79	Aisin
90915-03006	Oil Filter	LAND CRUISER 75 Tourist	OSK
90999-70067	Copper bush	LAND CRUISER 79	Digue
54560-01j00	Big Arm bush	Prado 1KD	Genuine
53420-60100	bonnet hinge	LAND CRUISER 79 Left hand)	Digue
47910-35420	Compensiator	Prado 1KD	Genuine
48061-60050	Small Arm bush	LAND CRUISER 75 Tourist	Genuine
53510-60220	Bonnet Lock	LAND CRUISER 79	MK
220-40582	Clutch kit Lower	5L/3L	MK
48802-60120	Link	LAND CRUISER 79	Genuine
13568-19195	Timing Belt	7L	Genuine
16100-39486	Water Pump	LAND CRUISER 75 Tourist	Genuine
M087H	Main Bearing(0.25)	LAND CRUISER 79	Taiho
GWT-91A	Water Pump	LAND CRUISER 79	All Parts
90311-32020	Seal(Cam shaft)	3L/5L 1HZ	Koyo japan
12649/10	front Wheel Bearing	7L	Koyo japan
90915-30002-8T	Oil Filter	LAND CRUISER 79/5L	Koyo japan
33368-35030	synchronizer ring (No 3)(old model)	LAND CRUISER 79	OSK
90999-70067	Copper bush	LAND CRUISER 75 Tourist	Karson
11701-75033-02	Con Bearing(STD)	1TR	GMB Japan
17567-17020	Exhaust Mountain	LAND CRUISER 75 Tourist	Genuine
CTX--076	Pressure Plate	LAND CRUISER 79	Aisin
23390-51070	Fuel Filter	Prado 1KD	Digue
16361-17040	Fun	LAND CRUISER 79	Digue
17801-17020	Air filter	V8	OSK
1620-17050(FCT-039)	Coupling/ Fan clutch	LAND CRUISER 79	OSK
90311-85007	3L/5L	LAND CRUISER 75 Tourist	Genuine
04311-6100	Upper clutch kit	LAND CRUISER 79	Digue
99332-11260	Fan belt	LAND CRUISER 79	555(Japan)
13711-17010	Intake Valve	LAND CRUISER 79	Koyo japan
90385-13009	Front Link Bush/ Eye Bush	LAND CRUISER 79	MK
42410-69025	Rear Hub Kit	LAND CRUISER 79	MK
90501-08212	Compression Spring	LAND CRUISER 79	MK
12649/10	front Wheel Bearing	1HZ	Koyo japan
31232-36020	Clutch Release Clip	5L/3L	Genuine
13715-30030	Exhaust Valve	1KD	Digue
90310-36003	Seal (Rear tube seal)	LAND CRUISER 79	All Parts
BMT--239	Brake Master cylinder	LAND CRUISER 79	All Parts
1620-17050(FCT-039)	Coupling/ Fan clutch	LAND CRUISER 70 Series	Japan/Aisin
220-40582	Clutch kit Lower	1HZ	Seiken(japan)
90942-02083	Wheel stand	LAND CRUISER 79	Aisin
23390-51070	Fuel Filter	LAND CRUISER 79	All Parts
90151-60013	Screw(water pump)	LAND CRUISER 79	Genuine
43207-60032	Knuckle kit/Blanket	Prado 1KD	Genuine
90214-42030	Stopper axle Washer	1HZ	Genuine
DTX-172	Clutch plate	2KD	Digue
T037A	Thrust washer(0.50)	LAND CRUISER 75 Tourist	Taiho
23390-51030	Fuel Filter	LAND CRUISER 79 New Model	Digue
R039A	Con Bearing(STD)	3L/5L/2L	Aisin
43401-60080	Stopper Axle	LAND CRUISER 79	Taiho
T720A	Thrust washer(0.25)	5L/3L	Taiho
M087H	Main Bearing(0.25)	5L/3L	Taiho
90915-03002	Oil Filter	LAND CRUISER 75 Tourist	Digue
12649/10	front Wheel Bearing	5L/3L	Genuine
47201-60A70	Brake Master cylinder	LAND CRUISER 79	Genuine
48829-60080	Bracket(Left)	LAND CRUISER 79	Genuine
SWT10108ZZ	Piston rings(STD)	LAND CRUISER 79	NPR
200701	Release Bearing	5L/3L	Digue
43212-60111	Knucle	LAND CRUISER 79(Old Model)(left hand)	Taiho
04495-60080	Brake Lining	LAND CRUISER 79 (NEW MODEL	All Parts
04493-60300	BMC kit	LAND CRUISER 79	Taiho
APO72	Brake Pads	7L	All Parts
90201-12019	Knucle washer	LAND CRUISER 79	All Parts
43212-60251	Knucle	LAND CRUISER 79 New Model(left hand)	GMB Japan
13715-17010	Exhaust Valve	7L	Genuine
4094w	Axle bearing (without con)	7L	Koyo japan
ZA-50TKB3505B1R-81`2	Release Bearing	LAND CRUISER 79	NSK
90311-95008	Seal(Rear crunk shaft seal)	1HZ/2KD/1KD	GMB Japan
90311-58006	Seal(Injector seal)	1KD/2KD	Koyo japan
36211-60090	Connector shaft	LAND CRUISER 79	MK
M042AI	Main Bearing(STD)	3L/5L/2L	OSK
90915-YZZD4	Oil Filter	1HZ	Genuine
90310-35010	Seal (Front tube seal)	Prado 1KD	Karson
M087H	Main Bearing(0.50)(0.25)	TD23/TD25/TD27	Taiho
35892	Piston rings(STD)	3L	MK
90915-10004	Oil Filter	RAV 4	Digue
35892	Piston rings(STD)	LAND CRUISER 75 Tourist	Tp(Japan)
48674-26040	Control Arm Bush	1HZ	Genuine
13711-54040	Exhaust Valve	7L	Genuine
04313-28020	Lower clutch kit	Prado 1KD	Genuine
90311-48022	Seal (Gear transfer Front seal)	LAND CRUISER 79	Aisin
13103-30102	Piston(0.50)	2KD	555(Japan)
90311-62001	Seal (Hub)	1HZ	Musashi
13711-54020	Intake Valve	HIACE 3L/79(IHZ)	555(Japan)
69810-60330	Welding Machine(manual)	LAND CRUISER 79(manual)	GMB Japan
R122h	Con Bearing(STD)(STD)	4D34	Taiho
48815-60170	Front Stabilizer D Bush	LAND CRUISER 79	Koyo japan
45047-69085	Rear Tie Rod	LAND CRUISER 79	Genuine
13715-17010	Exhaust Valve	1HZ	Genuine
48706-60030	Hard Pan Bush	1HZ	Genuine
GWT-91A	Water Pump	LAND CRUISER 75 Tourist	GMB Japan
R729A	Con bearing(0.25)	1HZ	Taiho
ZA-50TKB3505B1R-81`2	Release Bearing	3L	MK
12371-17080	Gearbox mounting	LAND CRUISER 79	555(Japan)
45044-69135	Tie rod Front	LAND CRUISER 79	OSK
12361-54143	Engine Mounting	Prado 1KD	RBI
17801-61030	Air filter	Prado 1KD	Genuine
16572-17020	Hose Pipe(lower)	LAND CRUISER 75 Tourist	Genuine
42323-60020	Conn washer	7L	Genuine
33368-35040	synchronizer ring (No 4 old)	LAND CRUISER 79	555(Japan)
69801-60030	Welding Machine(right hand)(automatic)	LAND CRUISER 79	555(Japan)
33037-35030	Ring Synchronizer (No 1)	LAND CRUISER 79	555(Japan)
T729A	Thrust washer(0.25)	1TR/2TR	GMB Japan
90311-35032	Seal (diff)	3L/5L (4x4)	OSK
13011-15050	Piston rings(STD)	LAND CRUISER 70 Series	Genuine
4094w	Axle bearing(with con)	5L/3L/1KD	Taiho
SWT10108ZZ	Piston rings(STD)	5L/3L	NPR
53510-60220	Bonnet Lock	LAND CRUISER 79	Digue
220-40582	Clutch kit Lower	5L/3L	Digue
KD2605	Brake Pads	7L	555(Japan)
90363-35030	Transfer Input Bearing(0.25)	LAND CRUISER 79	Genuine
04371-36050	Universal joint REAR	LAND CRUISER 75 Tourist	Genuine
CTX-125	Pressure Plate	2KD	Koyo japan
33368-35080	synchronizer ring (No 3)(new model)(0.50)	LAND CRUISER 79	Genuine
47061-60030	Adjuster(Right hand)	LAND CRUISER 79	OSK
LM48548/10	wheel bearing	5L/3L	Taiho
12361-17020	Engine Mounting	7L	Genuine
R729A	Con Bearing(0.50)	1TR/2TR	GMB Japan
17801-61030	Air filter	LAND CRUISER 79 Old Model	Taiho
69801-60030	Welding Machine(right hand)(automatic)	LAND CRUISER 79	GMB Japan
23380-17541	Feed Pump	Prado 1KD	Genuine
90311-45028	Seal (front diff)	LAND CRUISER 75 Tourist	Genuine
KD2605	Brake Pads	7L	GMB Japan
R729A	Con bearing(0.25)	1TR/2TR	Koyo japan
CTX-084	Pressure Plate	1KD/1HZ79	555(Japan)
33037-60050	Synchronizer ring (No 2)	LAND CRUISER 79	555(Japan)
M720AI	Main Bearing(0.25)	1KD/2KD/1KZ	Taiho
33212-35032	Fork (Number 1)	LAND CRUISER 79	OSK
T720A	Thrust washer(STD)	1KD/2KD/1KZ	GMB Japan
90385-13009	Front Link Bush/ Eye Bush	LAND CRUISER 79	Digue
45047-69085	Rear Tie Rod	5L/3L	Genuine
90501-08212	Compression Spring	LAND CRUISER 79	Digue
90942-02083	Wheel stand	1HZ	Genuine
42410-69025	Rear Hub Kit	LAND CRUISER 79	Digue
90364-38012	Needle Bearing(gear)	LAND CRUISER 79	GMB Japan
13711-54050	Exhaust Valve	HIACE 5L	Aisin
23390-0L041	Fuel Filter	1KD/2KD	GMB Japan
90311-38032	Seal (Tail oil seal)	Prado 1KD	Genuine
M729AI	Main Bearing(0.50)	1TR/2TR	Digue
90385-18022	Rear Rubber Spring Bush(0.50)	LAND CRUISER 79	Genuine
43521-60011	Stopper axle nut	LAND CRUISER 79	Taiho
69802-60030	welding Machine(left hand)(automatic)	7L	Genuine
90385-11021	Rear Link Bush/eye Bush	Prado 1KD	Genuine
16210-17070	Coupling/ Fan clutch	LAND CRUISER 70 Series	Genuine
90310-35010	Seal (Front tube seal)	LAND CRUISER 79	GMB Japan
M729AI	Main Bearing(STD)	1TR/2TR	All Parts
DT-036V	Clutch plate	HIACE 2L/3L	Genuine
16572-17020	Hose Pipe(lower)	LAND CRUISER 79	Koyo japan
33364-60070	Sleeve Transmission	1HZ	Genuine
17801-30040	Air filter	1KD/2KD	All Parts
T729A	Thrust washer(0.50)	LAND CRUISER 75 Tourist	Taiho
35892	Piston rings(0.50)	3L	GMB Japan
36211-60090	Connector shaft	LAND CRUISER 79	Digue
GUT-21	Universal joint	5L/3L	Koyo japan
90916-02452	Fan belt(set)	LAND CRUISER 79	GMB Japan
13711-30030	Intake Valve	1KD	Digue
GFT-223	Coupling/ Fan clutch	5L/3L	GMB Japan
90311-50051	Seal(Front crunk shaft seal)	Prado 1KD	Genuine
90363-35020	Gear bearing	7L	Genuine
GUT-20	Universal joint	LAND CRUISER 79(rear)	GMB Japan
04371-36050	Universal joint REAR	LAND CRUISER 79	Koyo japan
13101-54101a	Piston	5L/3L	Japan
90385-18022	Rear Rubber Spring Bush(STD)	LAND CRUISER 79	Genuine
48674-26040	Control Arm Bush	7L	GMB Japan
23380-17531	Feed Pump	LAND CRUISER 79	All Parts
13715-17010	Exhaust Valve	LAND CRUISER 79	MK
90311-32020	Seal(Cam shaft)	7L	Genuine
ZA-50TKB3505B1R-81`2	Release Bearing	3L	Digue
90215-42025	Stopper axle Washer	LAND CRUISER 79	Aisin
13011-54120	Piston rings(STD)	3L	Genuine
90363-35030	Transfer Input Bearing	LAND CRUISER 79	Digue
90501-08212	Compression Spring(0.25)	LAND CRUISER 79	Genuine
45045-69075	Tie rod Front	LAND CRUISER 79	Koyo japan
15121-54020	Oil Gear	3L/5L	555(Japan)
46410-60850	Handbrake cable	LAND CRUISER 79	Genuine
13013-54120	Piston rings(0.50)	3L	Taiho
48531-80547	Shock Absorber(Rear)	Prado 1KD	Genuine
K2280-01	Brake Lining	LAND CRUISER 70 Series	MK
30308DJR	Diff Bearing	LAND CRUISER 79	GMB Japan
DT-094L	Clutch plate	LAND CRUISER 70 Series	Japan(Aisin)
13711-54030	Intake Valve	1HZ	Genuine
GUT-21	Universal joint	7L	GMB Japan
90363-35020	Gear bearing	LAND CRUISER 79	555(Japan)
R720AI	Con Bearing(STD)(STD)	1KD/2KD/1KZ	Taiho
11701-75033-02	Con Bearing(STD)	7L	Genuine
43521-60011	Wheel Bearing Adjustment Kit	5L/3L	Genuine
33362-60031	hub	LAND CRUISER 79	Genuine
M042AI	Main Bearing(0.25)	LAND CRUISER 79	Taiho
04465-60340	Pad Kit Disc Brake Front	LAND CRUISER 75 Tourist	Genuine
33368-35080	synchronizer ring (No 3)(new model)	LAND CRUISER 79	Taiho
45044-69135	Tie rod Front	Prado 1KD	Genuine
43212-60251	Knucle	LAND CRUISER 79 New Model(left hand)	OSK
15121-54020	Oil Gear	3L/5L	GMB Japan
R720AI	Con Bearing(0.50)(0.25)	1KD/2KD/1KZ	Taiho
31230-60201	Release Bearing	LAND CRUISER 79	Taiho
DTX-172	Clutch plate	2KD	Japan(Aisin)
17567-61030	Exhaust Mountain	LAND CRUISER 79	GMB Japan
90365-34005	Gear bearing	LAND CRUISER 70 Series	Genuine
CTX--064	Pressure Plate	5L/3L	GMB Japan
04469-YZZF6	Brake Pads	LAND CRUISER 79	Genuine
T037A	Thrust washer(STD)	3L/5L/2L	Taiho
T720A	Thrust washer(0.25)	1KD/2KD/1KZ	Taiho
69058-60141	Fuel cap	LAND CRUISER 79	GMB Japan
90385-18021	Front Rubber Spring Bush	LAND CRUISER 79	All Parts
M042AI	Main Bearing(0.50)	1HZ	Taiho
11701-75033-02	Con Bearing(STD)	1HZ	Genuine
69810-60330	Welding Machine(manual)	LAND CRUISER 79(manual)	OSK
90999-70067	Copper bush	LAND CRUISER 79	GMB Japan
90311-50051	Seal(Front crunk shaft seal)	5L/3L	Genuine
T037A	Thrust washer(0.25)	3L/5L/2L	MK
53420-60100	bonnet hinge	LAND CRUISER 79 Left hand)	GMB Japan
R720AI	Con Bearing(0.50)	1KD/2KD/1KZ	Genuine
13041-17011-02	Con Bearing(STD)	Prado 1KD	Genuine
T037A	Thrust washer(0.25)	Prado 1KD	Taiho
R039A	Con Bearing(STD)	3L/5L/2L	MK
T729A	Thrust washer(0.25)	1TR/2TR	OSK
104948/10	Big Hub Bearing	LAND CRUISER 70 Series	Koyo japan
90311-62001	Seal (Hub)	LAND CRUISER 79	Genuine
R039A	Con Bearing(STD)	Prado 1KD	Taiho
13711-54020	Intake Valve	HIACE 3L/79(IHZ)	OSK
33362-60031	hub	5L/3L	Genuine
PT-157	Heater Plugs	Prado 1KD	Japan
90311-48010	Seal (Gear transfer Rear seal)	LAND CRUISER 70 Series	Genuine
12371-17080	Gearbox mounting	LAND CRUISER 79	OSK
16361-17040	Fun	LAND CRUISER 79	GMB Japan
48531-80547	Shock Absorber(Rear)	5L/3L	Genuine
43401-60080	Stopper Axle	LAND CRUISER 79	Aisin
90385-18007	Rubber Spring Bush	Prado 1KD	Genuine
90915-03002	Oil Filter	1KD/2KD	Taiho
T729A	Thrust washer(STD)	1TR/2TR	555(Japan)
69801-60030	Welding Machine(right hand)(automatic)	LAND CRUISER 79	OSK
R039A	Con Bearing(0.50)	Prado 1KD	Taiho
R729A	Con Bearing(0.50)	1TR/2TR	OSK
T720A	Thrust washer(0.25)	LAND CRUISER 75 Tourist	Taiho
30304AJR	B	LAND CRUISER 79	Koyo japan
23390-51030	Fuel Filter	LAND CRUISER 79 New Model	555(Japan)
04311-6100	Upper clutch kit	LAND CRUISER 79	GMB Japan
90364-38011	Needle Bearing(gear)	LAND CRUISER 79	Taiho
KD2605	Brake Pads	7L	OSK
M720AI	Main Bearing(0.25)	1KD/2KD/1KZ	555(Japan)
69820-60300	Welding Machine	LAND CRUISER 79	Genuine
04493-60300	BMC kit	LAND CRUISER 79	Aisin
13715-30030	Exhaust Valve	1KD	GMB Japan
43401-60080	Stopper Axle	LAND CRUISER 70 Series	Japan
48674-26040	Control Arm Bush(0.50)	7L	Genuine
31250-60432	Clutch plate	Prado 1KD	Genuine
R729A	Con Bearing(STD)	1TR/2TR	All Parts
T720A	Thrust washer(STD)	1KD/2KD/1KZ	OSK
90311-32012	Seal (Top shaft seal)	LAND CRUISER 79	555(Japan)
23390-0L041	Fuel Filter	1KD/2KD	OSK
23390-51030	Fuel Filter	LAND CRUISER 79 New Model	GMB Japan
13715-17010	Exhaust Valve	LAND CRUISER 79	Digue
48706-60030	Hard Pan Bush	LAND CRUISER 79	Digue
16100-39486	Water Pump	7L	Genuine
M720AI	Main Bearing(0.50)	1KD/2KD/1KZ	Taiho
90311-95008	Seal(Rear crunk shaft seal)	1HZ	Genuine
M720AI	Main Bearing(0.25)	1KD/2KD/1KZ	GMB Japan
90915-10004	Oil Filter	RAV 4	555(Japan)
90948-01004	Front Shock Bush	LAND CRUISER 70 Series	Genuine
48531-69865	Shock Absorber(Rear)	LAND CRUISER 79	555(Japan)
3504	Release Bearing	2KD	All Parts
M729AI	Main Bearing(0.50)	5L/3L	Taiho
90311-45028	Seal (front diff)	LAND CRUISER 79	All Parts
35987	Piston rings(STD)	1KD	Taiho
CTX-073	Pressure Plate	LAND CRUISER 70 Series	Japan(Aisin)
90385-19003	Rear Shock Bush	LAND CRUISER 79	Genuine
90310-35010	Seal (Front tube seal)	LAND CRUISER 79	OSK
90310-36003	Seal (Rear tube seal)	LAND CRUISER 70 Series	Genuine
48511-69676	Shock Absorber(Front)	LAND CRUISER 79	Taiho
90151-60013	Screw(water pump)	LAND CRUISER 75 Tourist	Genuine
04495-60070	Brake Lining	7L	Genuine
90311-30014	Seal (Top shaft seal/bridge seal	LAND CRUISER 75 Tourist	Genuine
90368-45087	Wheel Bearing Outer(0.50)	LAND CRUISER 79	Genuine
11213-75040	Top cover Gasket	1TR	Koyo japan
36211-60090	Connector shaft(0.50)	LAND CRUISER 79	Genuine
69810-60330	Welding Machine(manual)	LAND CRUISER 70 Series	Genuine
4094w	Axle bearing(with con)	5L/3L/1KD	Aisin
90915-10004	Oil Filter	RAV 4	GMB Japan
90363-35030	Transfer Input Bearing	LAND CRUISER 79	Taiho
PT-157	Heater Plugs	5L/3L	Japan
13101-54101	Piston	LAND CRUISER 79	Genuine
31232-36020	Clutch Release Clip	LAND CRUISER 79	Koyo japan
23380-17541	Feed Pump	LAND CRUISER 79	555(Japan)
SWT10108ZZ	Piston rings(STD)	LAND CRUISER 75 Tourist	NPR
90916-02452	Fan belt(set)	LAND CRUISER 79	OSK
04479-60070	Caliper Kit Front	LAND CRUISER 79	Genuine
23390-0L041	Fuel Filter	LAND CRUISER 79	Genuine
LM48548/10	wheel bearing	5L/3L	Aisin
PT-152	Heater Plugs	Prado 1KD	Japan
17801-61030	Air filter	LAND CRUISER 79 Old Model	Aisin
17567-17020	Exhaust Mountain	1HZ	Genuine
13711-30030	Intake Valve	7L	Genuine
GUT-20	Universal joint	LAND CRUISER 79(rear)	OSK
D2177M-01	Brake Pads	LAND CRUISER 79	555(Japan)
13711-54050	Exhaust Valve	HIACE 5L	MK
31230-60201	Release Bearing(0.25)	LAND CRUISER 79	Genuine
13711-30040	Intake Valve	2KD	Taiho
48674-26040	Control Arm Bush	7L	OSK
90201-12019	Knucle washer	LAND CRUISER 70 Series	Genuine
13101-54101	Piston	3L	Taiho
CTX-084	Pressure Plate	LAND CRUISER 75 Tourist	Japan(Aisin)
04234-68010	Fuel Filter	Prado 1KD	OSK
48702-60050	Big Arm bush	LAND CRUISER 79	Genuine
90915-03002	Oil Filter	7L	Digue
33037-60050	Synchronizer ring (No 2)(0.25)	LAND CRUISER 79	Genuine
13568-19195	Timing Belt	LAND CRUISER 79	Genuine
90942-02083	Wheel stand	LAND CRUISER 79	Digue
SB-3972	Ball joint	7L	Taiho
15122-54020	Oil Gear	7L	Genuine
90311-42036	Seal(Front timing seal)	7L	Genuine
220-40582	Clutch kit Lower	5L/3L	GMB Japan
13711-54040	Exhaust Valve	HIACE 3L/79(IHZ)	Genuine
LM48548/10	wheel bearing(STD)	5L/3L	Koyo japan
90385-11021	Rear Link Bush/eye Bush	LAND CRUISER 79	555(Japan)
48511-69435	Shock Absorber(Front long)	7L	Genuine
90561-30005	Spacer	LAND CRUISER 70 Series	Genuine
12303-72010-IN	Gear Mounting	3L/5L	All Parts
CTX--064	Pressure Plate	LAND CRUISER 70 Series	Aisin
31210-36330	Pressure Plate	LAND CRUISER 79	All Parts
43521-60011	Stopper axle nut	LAND CRUISER 79	Aisin
4094w	Axle bearing(with con)	LAND CRUISER 70 Series	Koyo japan
48674-26040	Control Arm Bush(STD)	7L	Genuine
M720AI	Main Bearing(STD)	7L	Taiho
23380-17451	Feed Pump	7L	Genuine
M729AI	Main Bearing(0.25)	1TR/2TR	All Parts
13101-54101	Piston	5L/3L	Genuine
15121-54020	Oil Gear	3L/5L	OSK
04493-60300	BMC kit	1HZ	Genuine
R039A	Con bearing(0.25)	7L	Taiho
17567-61030	Exhaust Mountain	LAND CRUISER 79	OSK
90385-13009	Front Link Bush/ Eye Bush	LAND CRUISER 79	GMB Japan
CTX--064	Pressure Plate	5L/3L	OSK
90363-35020	Gear bearing	LAND CRUISER 79	OSK
90501-08212	Compression Spring	LAND CRUISER 79	GMB Japan
SE-2752	Tie Rod	LAND CRUISER 79	Koyo japan
17801-17020	Air filter	LAND CRUISER 70 Series	Genuine
69058-60141	Fuel cap	LAND CRUISER 79	OSK
GWT-91A	Water Pump	LAND CRUISER 79	Taiho
90311-85009	Seal(Rear crunk shaft)	3L/5L	555(Japan)
90311-48022	Seal (Gear transfer Front seal)	LAND CRUISER 79	Digue
M729AI	Main Bearing(0.50)	1TR/2TR	GMB Japan
90389-22003	Rear Spring Bush	LAND CRUISER 79	555(Japan)
R720AI	Con Bearing(STD)	Prado 1KD	Taiho
48702-60050	Big Arm bush	5L/3L	Genuine
13568-19195	Timing Belt	5L/3L	Genuine
R729A	Con Bearing(0.50)(STD)	1TR/2TR	Taiho
90215-42025	Stopper axle Washer	LAND CRUISER 79	MK
47201-60A70	Brake Master cylinder	LAND CRUISER 79	MK
GFT-223	Coupling/ Fan clutch	LAND CRUISER 75 Tourist	GMB Japan
13011-15050	Piston rings(STD)	5AF	Koyo japan
APO72	Brake Pads	LAND CRUISER 79	All Parts
DT-094L	Clutch plate	1KD/1HZ79	Genuine
12303-72010-IN	Gear Mounting	LAND CRUISER 70 Series	RBI
43207-60032	Knuckle kit/Blanket	LAND CRUISER 79	Koyo japan
GWT-91A	Water Pump	1HZ	GMB Japan
R039A	Con Bearing(STD)(0.25)	3L/5L/2L	Taiho
16572-17020	Hose Pipe(lower)	1HZ	Genuine
90311-32020	Seal(Cam shaft)	3L/5L 1HZ	555(Japan)
43212-60251	Knucle	Prado 1KD	Genuine
90915-30002-8T	Oil Filter	LAND CRUISER 79/5L	555(Japan)
BMT--239	Brake Master cylinder	LAND CRUISER 79	Taiho
4094w	Axle bearing(with con)(0.50)	5L/3L/1KD	Koyo japan
90310-36003	Seal (Rear tube seal)	LAND CRUISER 79	Taiho
M720AI	Main Bearing(STD)(STD)	1KD/2KD/1KZ	Taiho
M087H	Main Bearing(0.50)	TD23/TD25/TD27	All Parts
R039A	Con bearing(0.25)(STD)	3L/5L/2L	Taiho
13711-54040	Exhaust Valve	LAND CRUISER 79	Genuine
36211-60090	Connector shaft	LAND CRUISER 79	GMB Japan
23390-51070	Fuel Filter	LAND CRUISER 79	Taiho
90151-60013	Screw(water pump)	1TR/2TR	All Parts
13711-30030	Intake Valve	1KD	GMB Japan
13013-54120	Piston rings(0.50)	3L	Aisin
16210-17070	Coupling/ Fan clutch	LAND CRUISER 79	Koyo japan
04111-0C098	Overhaul gasket	Prado 1KD	Genuine
23303-64019	Oil Filter	LAND CRUISER 70 Series	OSK
09340-6280	Nozzle	LAND CRUISER 79	All Parts
04311-6100	Upper clutch kit	LAND CRUISER 79	OSK
13711-17010	Intake Valve	LAND CRUISER 79	555(Japan)
45047-69085	Rear Tie Rod	LAND CRUISER 79	Koyo japan
90310-35010	Seal (Front tube seal)	Prado 1KD	Genuine
13715-30030	Exhaust Valve	1KD	OSK
APO72	Brake Pads	Prado	Genuine
33368-35080	synchronizer ring (No 3)(new model)	LAND CRUISER 79	Aisin
48531-80547	Shock Absorber(Rear)	3L/5L	Genuine
42323-60020	Conn washer	LAND CRUISER 79	Genuine
04495-60080	Brake Lining	LAND CRUISER 79 (NEW MODEL	Taiho
90201-12019	Knucle washer	LAND CRUISER 79	Taiho
13711-54050	Exhaust Valve	HIACE 5L	Digue
90389-14056	Rear Spring Bush	LAND CRUISER 79	All Parts
31230-60201	Release Bearing	LAND CRUISER 79	Aisin
ZA-50TKB3505B1R-81`2	Release Bearing	3L	GMB Japan
90363-35030	Transfer Input Bearing	LAND CRUISER 79	GMB Japan
CTX--076	Pressure Plate	ITR/2TR	Digue
T720A	Thrust washer(0.25)	1KD/2KD/1KZ	Aisin
23390-51030	Fuel Filter	LAND CRUISER 79 New Model	OSK
PT-157	Heater Plugs	LAND CRUISER 70 Series	Japan
T037A	Thrust washer(STD)	3L/5L/2L	Aisin
DTX-172	Clutch plate	Prado 1KD	Japan(Aisin)
M720AI	Main Bearing(0.25)	1KD/2KD/1KZ	OSK
13101-54101a	Piston	3L	Genuine
48061-60050	Small Arm bush	LAND CRUISER 70 Series	Genuine
04495-60070	Brake Lining	LAND CRUISER 79 (OLD MODEL	All Parts
12361-17020	Engine Mounting	LAND CRUISER 79	Genuine
15122-54020	Oil Gear	3L/5L	All Parts
CTX--064	Pressure Plate	LAND CRUISER 75 Tourist	Aisin
90311-42036	Seal(Front timing seal)	3L/5L	All Parts
53420-60100	bonnet hinge	Prado 1KD	Genuine
90311-50051	Seal(Front crunk shaft seal)	LAND CRUISER 75 Tourist	Genuine
43401-60080	Stopper Axle	LAND CRUISER 79	MK
90311-58006	Seal(Injector seal)	1KD/2KD	555(Japan)
90999-70067	Copper bush	LAND CRUISER 70 Series	Karson
200701	Release Bearing	7L	Nachi
46410-60850	Handbrake cable	LAND CRUISER 75 Tourist	Genuine
13711-54030	Intake Valve	HIACE 5L	All Parts
90915-10004	Oil Filter	RAV 4	OSK
48531-69865	Shock Absorber(Rear)	LAND CRUISER 79	OSK
M087H	Main Bearing(0.25)(STD)	TD23/TD25/TD27	Taiho
16572-17150	Hose Pipe(lower)	LAND CRUISER 70 Series	Genuine
04493-60300	BMC kit	LAND CRUISER 79	MK
33362-60031	hub	LAND CRUISER 75 Tourist	Genuine
90311-85007	3L/5L	LAND CRUISER 70 Series	Genuine
CTX-073	Pressure Plate	3L	All Parts
T720A	Thrust washer(0.50)	Prado 1KD	Taiho
M042AI	Main Bearing(0.25)	LAND CRUISER 75 Tourist	Taiho
90915-03002	Oil Filter	1KD/2KD	Aisin
T729A	Thrust washer(0.50)	1HZ	Taiho
48815-60170	Front Stabilizer D Bush	LAND CRUISER 79	555(Japan)
48531-80547	Shock Absorber(Rear)	LAND CRUISER 75 Tourist	Genuine
69802-60030	welding Machine(left hand)(automatic)	LAND CRUISER 79	Genuine
90311-38047	Seal (diff)	7L	Genuine
90364-38011	Needle Bearing(gear)	LAND CRUISER 79	Aisin
4094w	Axle bearing (without con)	5L/3L/1KD	All Parts
88440-35010	Ac Pulley	5L/3L	Genuine
90215-42025	Stopper axle Washer	LAND CRUISER 79	Digue
12303-72010-IN	Gear Mounting	LAND CRUISER 75 Tourist	RBI
36225-60050	Shaft	LAND CRUISER 79	All Parts
T037A	Thrust washer(0.50)	LAND CRUISER 70 Series	Taiho
220-40582	Clutch kit Lower	5L/3L	OSK
43521-60011	Wheel Bearing Adjustment Kit	LAND CRUISER 79	Koyo japan
04465-60340	Pad Kit Disc Brake Front	7L	Genuine
CTX-125	Pressure Plate	2KD	555(Japan)
GWT-150A	Water Pump	1KD/2KD	All Parts
M720AI	Main Bearing(0.50)	1KD/2KD/1KZ	Aisin
R720AI	Con bearing(0.25)	7L	Taiho
48815-26060	Rear Stabilizer D Bush	LAND CRUISER 79	Koyo japan
90311-38047	Seal (diff)	3L/5L (2 wheel)	Koyo japan
Wheel-Nut	LAND CRUISER 79	5L/3L	Genuine
4094w	Axle bearing(with con)	5L/3L/1KD	MK
T729A	Thrust washer(0.50)	1TR/2TR	Koyo japan
04371-60060	Universal joint FRONT	LAND CRUISER 79	Genuine
M720AI	Main Bearing(0.50)	LAND CRUISER 70 Series	Taiho
35987	Piston rings(STD)	1KD	Aisin
33037-60050	Synchronizer ring (No 2)	1HZ	Genuine
90366-33006	Diff Bearing	Prado 1KD	Genuine
R729A	Con bearing(0.25)	1TR/2TR	555(Japan)
17801-30080	Air filter	Genuine	Koyo japan
13103-30102	Piston(0.50)	5L/3L	Genuine
48511-69676	Shock Absorber(Front)	LAND CRUISER 79	Aisin
33368-35080	synchronizer ring (No 3)(new model)	1HZ	Genuine
LM48548/10	wheel bearing	5L/3L	MK
DT-068V	Clutch plate	HIACE 5L/3L/ITR/2TR	All Parts
17801-61030	Air filter	LAND CRUISER 79 Old Model	MK
R039A	Con Bearing(0.50)	3L/5L/2L	All Parts
M729AI	Main Bearing(STD)	1TR/2TR	Taiho
90311-32020	Seal(Cam shaft)	LAND CRUISER 79	Genuine
R729A	Con bearing(0.25)(0.25)	1TR/2TR	Taiho
R729A	Con Bearing(0.50)(0.25)	1TR/2TR	Taiho
35892	Piston rings(STD)	LAND CRUISER 70 Series	Tp(Japan)
31230-60201	Release Bearing	1HZ	Genuine
T037A	Thrust washer(STD)(STD)	3L/5L/2L	Taiho
M729AI	Main Bearing(0.50)	1TR/2TR	OSK
35892	Piston rings(0.50)	7L	Tp(Japan)
48706-60030	Hard Pan Bush	LAND CRUISER 79	GMB Japan
16361-17040	Fun	Prado 1KD	Genuine
17801-30040	Air filter	1KD/2KD	Taiho
90311-35032	Seal (diff)	7L	Genuine
PT-157	Heater Plugs	LAND CRUISER 75 Tourist	Japan
GUT-21	Universal joint	LAND CRUISER 79	GMB Japan
90385-18022	Rear Rubber Spring Bush	Prado 1KD	Genuine
43530-60130	Wheel Hub	7L	Aisin(japan)
90311-48023	Seal (Gear transfer Front seal)	LAND CRUISER 79	All Parts
M087H	Main Bearing(0.25)	TD23/TD25/TD27	Digue
11701-75033-02	Con Bearing(STD)	LAND CRUISER 79	Genuine
90311-85009	Seal(Rear crunk shaft)	3L/5L	OSK
13711-30040	Intake Valve	2KD	Aisin
43521-60011	Stopper axle nut	LAND CRUISER 79	MK
13101-54101	Piston	3L	Aisin
T729A	Thrust washer(STD)	Prado 1KD	Taiho
16210-17070	Coupling/ Fan clutch	1HZ	Genuine
SB-3972	Ball joint	7L	Aisin
23380-17531	Feed Pump	LAND CRUISER 79	Taiho
16572-17020	Hose Pipe(lower)	LAND CRUISER 79	555(Japan)
43401-60080	Stopper Axle	LAND CRUISER 79	Digue
90385-18022	Rear Rubber Spring Bush	7L	Genuine
M729AI	Main Bearing(0.50)(0.50)	1TR/2TR	Taiho
47910-35420	Compensiator	7L	Genuine
45045-69075	Tie rod Front	7L	Genuine
13711-30030	Intake Valve	1KD	OSK
GUT-21	Universal joint	5L/3L	555(Japan)
M720AI	Main Bearing(0.25)	7L	Taiho
43212-60111	Knucle	LAND CRUISER 79(Old Model)(left hand)	Digue
43207-60032	Knuckle kit/Blanket	LAND CRUISER 79	Digue
04371-36050	Universal joint REAR	LAND CRUISER 79	555(Japan)
13715-30030	Exhaust Valve	5L/3L	Genuine
90311-32020	Seal(Cam shaft)	5L/3L	Genuine
31204-36110	Fork	LAND CRUISER 79	Genuine
90366-33006	Diff Bearing	5L/3L	Genuine
90942-02083	Wheel stand	LAND CRUISER 79	GMB Japan
90364-38011	Needle Bearing(gear)	1HZ	Genuine
13011-31220	Piston rings(STD)	LAND CRUISER 70 Series	Genuine
11701-75033-02	Con Bearing(STD)	5L/3L	Genuine
13101-54101	Piston	LAND CRUISER 75 Tourist	Genuine
90363-35030	Transfer Input Bearing	LAND CRUISER 79	OSK
102949/10	Small Hub Bearing	LAND CRUISER 70 Series	Koyo japan
13011-54120	Piston rings(STD)(0.25)	3L	Genuine
54560-01j00	Big Arm bush	1HZ	Genuine
90311-31084	Valve Seal	LAND CRUISER 70 Series	Genuine
GWT-91A	Water Pump	LAND CRUISER 79	Aisin
45045-69075	Tie rod Front	LAND CRUISER 79	555(Japan)
13041-17011-02	Con Bearing(STD)	LAND CRUISER 79	Genuine
35987	Piston rings(STD)	LAND CRUISER 70 Series	Tp(Japan)
90385-18021	Front Rubber Spring Bush	LAND CRUISER 79	Taiho
31410-60591	Upper clutch cylinder	LAND CRUISER 79	Taiho
04313-28020	Lower clutch kit	LAND CRUISER 79	Digue
K2280-01	Brake Lining	1HZ	MK
1620-17050(FCT-039)	Coupling/ Fan clutch	LAND CRUISER 79	All Parts
DT-094L	Clutch plate	1HZ	Japan(Aisin)
13013-54120	Piston rings(0.50)	3L	MK
4094w	Axle bearing(with con)	5L/3L/1KD	Digue
53510-60220	Bonnet Lock	Prado 1KD	Genuine
BMT--239	Brake Master cylinder	LAND CRUISER 79	Aisin
90310-36003	Seal (Rear tube seal)	LAND CRUISER 79	Aisin
90311-48022	Seal (Gear transfer Front seal)	LAND CRUISER 79	GMB Japan
13101-54100a	Piston	2L	Genuine
33368-35080	synchronizer ring (No 3)(new model)	LAND CRUISER 79	MK
17801-61030	Air filter	LAND CRUISER 79 Old Model	Digue
23390-51070	Fuel Filter	LAND CRUISER 79	Aisin
16100-39486	Water Pump	1KD/2KD	All Parts
DTX-172	Clutch plate	LAND CRUISER 70 Series	Japan(Aisin)
31230-60201	Release Bearing	LAND CRUISER 79	MK
43212-60251	Knucle Steering	Prado 1KD	Genuine
43207-60032	Knuckle kit/Blanket	1HZ	Genuine
T720A	Thrust washer(0.25)	1KD/2KD/1KZ	MK
90310-35010	Seal (Front tube seal)	7L	Karson
T037A	Thrust washer(STD)	3L/5L/2L	MK
T037A	Thrust washer(0.50)(0.25)	3L/5L/2L	Taiho
45046-69135	Rear Tie Rod	LAND CRUISER 79	Digue
48824-60130	Bracket(Right)	7L	Genuine
04495-60080	Brake Lining	LAND CRUISER 79 (NEW MODEL	Aisin
04495-60070	Brake Lining	LAND CRUISER 79	Genuine
90201-12019	Knucle washer	LAND CRUISER 79	Aisin
90385-13009	Front Link Bush/ Eye Bush	Prado 1KD	Genuine
04311-6100	Upper clutch kit	Prado 1KD	genuine
90501-08212	Compression Spring	Prado 1KD	Genuine
M042AI	Main Bearing(STD)	3L/5L/2L	All Parts
M042AI	Main Bearing(STD)(STD)	3L/5L/2L	Taiho
R729A	Con Bearing(STD)	1TR/2TR	Taiho
48815-60170	Front Stabilizer D Bush	LAND CRUISER 79	OSK
13011-54120	Piston rings(STD)	7L	Genuine
90366-40111	Diff Bearing	LAND CRUISER 79	Koyo japan
23303-64019	Oil Filter	Prado 1KD	OSK
04479-60070	Caliper Kit Front	LAND CRUISER 79	MK
12361-54143	Engine Mounting	7L	RBI
17801-61030	Air filter	7L	Genuine
T037A	Thrust washer(0.50)	3L/5L/2L	Taiho
30304AJR	B	LAND CRUISER 79	555(Japan)
13711-30030	Intake Valve	LAND CRUISER 79	Genuine
12371-17080	Gearbox mounting	LAND CRUISER 75 Tourist	Genuine
33368-35040	synchronizer ring (No 4 old)	LAND CRUISER 75 Tourist	Genuine
3504	Release Bearing	2KD	Taiho
R720AI	Con Bearing(STD)	LAND CRUISER 75 Tourist	Taiho
90311-45028	Seal (front diff)	LAND CRUISER 79	Taiho
90915-03002	Oil Filter	1KD/2KD	MK
90311-32012	Seal (Top shaft seal)	1HZ	Genuine
13711-54050	Exhaust Valve	HIACE 5L	GMB Japan
48702-60050	Big Arm bush	LAND CRUISER 79	Koyo japan
47550-60120	Wheel cylinder	LAND CRUISER 70 Series	Genuine
48815-26060	Rear Stabilizer D Bush	LAND CRUISER 79	Digue
90311-35032	Seal (diff)	3L/5L (4x4)	All Parts
90364-38011	Needle Bearing(gear)	LAND CRUISER 79	MK
CTX--076	Pressure Plate	ITR/2TR	GMB Japan
48706-60030	Hard Pan Bush	LAND CRUISER 79	OSK
36211-60090	Connector shaft	Prado 1KD	Genuine
43212-60251	Knucle	LAND CRUISER 75 Tourist	Genuine
48511-69435	Shock Absorber(Front long)	LAND CRUISER 79	Genuine
R729A	Con bearing(0.25)	1TR/2TR	OSK
04495-60080	Brake Lining	Prado 1KD	Genuine
31232-36020	Clutch Release Clip	7L	Genuine
47061-60030	Adjuster(Right hand)	LAND CRUISER 79	All Parts
43212-60251	Knucle Steering	5L/3L	Genuine
M720AI	Main Bearing(STD)	LAND CRUISER 79	Taiho
04234-68010	Fuel Filter	LAND CRUISER 79	OSK
23380-17451	Feed Pump	LAND CRUISER 79	Genuine
M720AI	Main Bearing(0.50)	1KD/2KD/1KZ	MK
90948-01004	Front Shock Bush	1HZ	Genuine
GFT-223	Coupling/ Fan clutch	1HZ	GMB Japan
90310-35010	Seal (Front tube seal)	LAND CRUISER 75 Tourist	Genuine
11213-75040	Top cover Gasket	1TR	555(Japan)
R039A	Con bearing(0.25)	LAND CRUISER 79	Taiho
R039A	Con bearing(0.25)(0.50)	3L/5L/2L	Taiho
CTX-073	Pressure Plate	1HZ	Japan(Aisin)
R122h	Con Bearing(STD)	4D34	Koyo japan
90363-35030	Transfer Input Bearing	Prado 1KD	Genuine
13711-30030	Intake Valve	5L/3L	Genuine
LM48548/10	wheel bearing	1HZ	Koyo japan
90310-36003	Seal (Rear tube seal)	1HZ	Genuine
35987	Piston rings(STD)	1KD	MK
13101-54100a	Piston(0.50)	2L	Japan
31232-36020	Clutch Release Clip	LAND CRUISER 79	555(Japan)
04434-60080	Front Axle Gasket Kit	LAND CRUISER 79	Digue
33368-35090	synchronizer ring (No 4 new)(0.25)	LAND CRUISER 79	Genuine
69810-60330	Welding Machine(manual)	1HZ	Genuine
31210-36330	Pressure Plate	LAND CRUISER 79	Taiho
12303-72010-IN	Gear Mounting	3L/5L	Taiho
90366-33006	Diff Bearing(STD)	LAND CRUISER 79	Genuine
DTX-172	Clutch plate	LAND CRUISER 75 Tourist	Japan(Aisin)
90311-38032	Seal (Tail oil seal)	1HZ	Genuine
90942-02083	Wheel stand	LAND CRUISER 79	OSK
48511-69435	Shock Absorber(Front long)	5L/3L	Genuine
90311-41009	Seal (Rear diff)	5L/3L	Genuine
90215-42025	Stopper axle Washer	LAND CRUISER 79	GMB Japan
M729AI	Main Bearing(0.25)	1TR/2TR	Taiho
30304AJR	Knuckle bearing	7L	Koyo japan
M729AI	Main Bearing(STD)	1TR/2TR	Aisin
T037A	Thrust washer(STD)	3L/5L/2L	Digue
T720A	Thrust washer(0.25)	1KD/2KD/1KZ	Digue
90915-03006	Oil Filter	LAND CRUISER 79/5L	Genuine
90201-12019	Knucle washer	1HZ	Genuine
90385-18007	Rubber Spring Bush	HIACE 5L/3L	Digue
13101-54101	Piston	3L	MK
17801-30040	Air filter	1KD/2KD	Aisin
33037-60050	Synchronizer ring (No 2)(STD)	LAND CRUISER 79	Genuine
SB-3972	Ball joint	7L	MK
90311-65003	Seal(Injector seal)	1KD/2KD	Koyo japan
17801-30080	Air filter	LAND CRUISER 70 Series	Genuine
90561-30005	Spacer	1HZ	Genuine
90151-60013	Screw(water pump)	LAND CRUISER 70 Series	Genuine
CTX--064	Pressure Plate	1HZ	Aisin
4094w	Axle bearing(with con)	1HZ	Koyo japan
90366-40111	Diff Bearing	LAND CRUISER 70 Series	Genuine
42323-60020	Conn washer	LAND CRUISER 79	MK
M042AI	Main Bearing(0.25)(STD)	3L/5L/2L	Taiho
SE-2752	Tie Rod	LAND CRUISER 79	555(Japan)
47201-60A70	Brake Master cylinder	LAND CRUISER 70 Series	Genuine
48829-60080	Bracket(Left)	LAND CRUISER 70 Series	Genuine
23380-17531	Feed Pump	LAND CRUISER 79	Aisin
SWT10108ZZ	Piston rings(STD)	LAND CRUISER 70 Series	NPR
90311-48022	Seal (Gear transfer Front seal)	LAND CRUISER 79	OSK
47550-60120	Wheel cylinder	LAND CRUISER 75 Tourist	Genuine
DT-036V	Clutch plate	HIACE 2L/3L	Japan(Aisin)
90214-42030	Stopper axle Washer	LAND CRUISER 75 Tourist	Genuine
90311-62001	Seal (Hub)	Prado 1KD	Genuine
90363-35020	Gear bearing	LAND CRUISER 75 Tourist	Genuine
47061-60030	Adjuster(Right hand)	Prado 1KD	Genuine
88440-35010	Ac Pulley	LAND CRUISER 79	Koyo japan
31470-60290	Lower clutch Cylinder	LAND CRUISER 79	Koyo japan
45044-69135	Tie rod Front	7L	Genuine
11115-17010-05	Cylinder Head Cover Gasket	5L/3L	Genuine
12361-17020	Engine Mounting	LAND CRUISER 79	MK
17801-17020	Air filter	1HZ	Genuine
90364-38011	Needle Bearing(gear)	LAND CRUISER 79	Digue
13101-54101a	Piston	3L	Koyo japan
90151-60013	Screw(water pump)	1TR/2TR	Taiho
CTX-084	Pressure Plate	LAND CRUISER 70 Series	Japan(Aisin)
DT-036V	Clutch plate	1HZ	Japan(Aisin)
43212-60111	Knucle	Prado 1KD	Genuine
90915-YZZD4	Oil Filter	Prado 1KD	Genuine
GWT-91A	Water Pump	LAND CRUISER 79	MK
09340-6280	Nozzle	LAND CRUISER 79	Taiho
48531-80547	Shock Absorber(Rear)	1HZ	Genuine
13715-30030	Exhaust Valve	LAND CRUISER 75 Tourist	Genuine
43207-60032	Knuckle kit/Blanket	LAND CRUISER 79	555(Japan)
17201-30200	Turbo charger	7L	Super japan
48674-26040	Control Arm Bush	Prado 1KD	Genuine
90311-58006	Seal(Injector seal)	1KD/2KD	All Parts
43212-60251	Knucle	LAND CRUISER 79 New Model(left hand)	All Parts
13011-15050	Piston rings(STD)	5AF	555(Japan)
90915-10004	Oil Filter	LAND CRUISER 70 Series	Genuine
90366-33006	Diff Bearing	LAND CRUISER 75 Tourist	Genuine
200701	Release Bearing	LAND CRUISER 79	Nachi
M087H	Main Bearing(0.50)	5L/3L	Taiho
23390-51030	Fuel Filter	Prado 1KD	Genuine
43401-60080	Stopper Axle	LAND CRUISER 79	GMB Japan
33368-35040	synchronizer ring (No 4 old)(STD)	LAND CRUISER 79	Genuine
90311-42036	Seal(Front crunk shaft seal)	LAND CRUISER 75 Tourist	Genuine
17567-61030	Exhaust Mountain	LAND CRUISER 70 Series	Genuine
90389-14056	Rear Spring Bush	LAND CRUISER 79	Taiho
M720AI	Main Bearing(0.50)	1KD/2KD/1KZ	Digue
48706-60030	Hard Pan Bush	Prado 1KD	Genuine
M729AI	Main Bearing(0.25)	LAND CRUISER 79	Taiho
13041-17011-02	Con Bearing(STD)	7L	Genuine
T037A	Thrust washer(0.25)	7L	Taiho
43212-60111	Knucle	LAND CRUISER 79(Old Model)(left hand)	GMB Japan
90385-18021	Front Rubber Spring Bush	LAND CRUISER 79	Aisin
43207-60032	Knuckle kit/Blanket	LAND CRUISER 79	GMB Japan
35987	Piston rings(STD)	1KD	Digue
BMT--239	Brake Master cylinder	LAND CRUISER 79	MK
69810-60330	Welding Machine(manual)	LAND CRUISER 79(manual)	All Parts
04469-YZZF6	Brake Pads	5L/3L	Genuine
48511-69676	Shock Absorber(Front)	LAND CRUISER 79	Digue
04495-60070	Brake Lining	LAND CRUISER 79 (OLD MODEL	Taiho
15122-54020	Oil Gear	3L/5L	Taiho
33212-35032	Fork (Number 1)	7L	Genuine
45047-69085	Rear Tie Rod	LAND CRUISER 79	555(Japan)
23390-51070	Fuel Filter	LAND CRUISER 79	MK
90311-42036	Seal(Front timing seal)	3L/5L	Taiho
M042AI	Main Bearing(0.25)	3L/5L/2L	Genuine
13711-54050	Exhaust Valve	HIACE 5L	OSK
13013-54120	Piston rings(0.50)(STD)	3L	Genuine
CTX--076	Pressure Plate	ITR/2TR	OSK
13103-30102	Piston(0.50)	2KD	All Parts
PT-157	Heater Plugs	LAND CRUISER 79	Genuine
13711-54030	Intake Valve	HIACE 5L	Taiho
13711-54020	Intake Valve	HIACE 3L/79(IHZ)	All Parts
M720AI	Main Bearing(0.25)(0.50)	1KD/2KD/1KZ	Taiho
04465-60340	Pad Kit Disc Brake Front	LAND CRUISER 79	Genuine
90311-62001	Seal (Hub)	5L/3L	Genuine
104948/10	Big Hub Bearing	LAND CRUISER 79	Koyo japan
R720AI	Con bearing(0.25)	LAND CRUISER 79	Taiho
12371-17080	Gearbox mounting	LAND CRUISER 79	All Parts
15121-54020	Oil Gear	7L	Genuine
102949/10	Small Hub Bearing	7L	Koyo japan
33368-35040	synchronizer ring (No 4 old)	LAND CRUISER 79	All Parts
13711-30040	Intake Valve	2KD	Digue
31250-60432	Clutch plate	7L	Genuine
04313-28020	Lower clutch kit	LAND CRUISER 79	GMB Japan
CTX-073	Pressure Plate	3L	Taiho
33037-35030	Ring Synchronizer (No 1)	LAND CRUISER 79	All Parts
69801-60030	Welding Machine(right hand)(automatic)	LAND CRUISER 79	All Parts
200701	Release Bearing	5L/3L	Nachi
17801-30080	Air filter	LAND CRUISER 75 Tourist	Genuine
PT-157	Heater Plugs	1HZ	Japan
SB-3972	Ball joint	7L	Digue
KD2605	Brake Pads	7L	All Parts
KD2605	Brake Pads	LAND CRUISER 70 Series	Asimco
R729A	Con Bearing(STD)	1TR/2TR	Aisin
36225-60050	Shaft	LAND CRUISER 79	Taiho
43521-60011	Wheel Bearing Adjustment Kit	7L	Genuine
47201-60A70	Brake Master cylinder	LAND CRUISER 75 Tourist	Genuine
69820-60300	Welding Machine	5L/3L	Genuine
17801-61030	Air filter	LAND CRUISER 79 Old Model	GMB Japan
13101-54101	Piston(0.25)	3L	Genuine
35892	Piston rings(0.50)	LAND CRUISER 79	Tp(Japan)
90366-33006	Diff Bearing	LAND CRUISER 79	Koyo japan
48531-69865	Shock Absorber(Rear)	LAND CRUISER 75 Tourist	Genuine
90385-18007	Rubber Spring Bush(0.25)	HIACE 5L/3L	Genuine
43401-60080	Stopper Axle	LAND CRUISER 79	Japan
90311-35032	Seal (diff)	LAND CRUISER 79	Genuine
43530-60130	Wheel Hub	LAND CRUISER 79	Aisin(japan)
GWT-150A	Water Pump	1KD/2KD	Taiho
94115-71200	Knucle nut	LAND CRUISER 75 Tourist	Genuine
35987	Piston rings(STD)(0.25)	1KD	Tp(Japan)
90311-58006	Seal(Injector seal)	7L	Genuine
3504	Release Bearing	2KD	Aisin
90368-45087	Wheel Bearing Outer	LAND CRUISER 79	Taiho
90311-85007	3L/5L	1HZ	Genuine
90311-45028	Seal (front diff)	LAND CRUISER 79	Aisin
45046-69135	Rear Tie Rod	LAND CRUISER 79	GMB Japan
31230-60201	Release Bearing	5L/3L	Genuine
33368-35040	synchronizer ring (No 4 old)(0.50)	LAND CRUISER 79	Genuine
13101-54101a	Piston(0.25)	3L	Japan
43521-60011	Wheel Bearing Adjustment Kit	LAND CRUISER 79	555(Japan)
DT-068V	Clutch plate	HIACE 5L/3L/ITR/2TR	Taiho
R039A	Con Bearing(0.50)	3L/5L/2L	Taiho
90311-48023	Seal (Gear transfer Front seal)	Prado 1KD	Genuine
90385-18022	Rear Rubber Spring Bush	LAND CRUISER 79	Genuine
47910-35420	Compensiator	LAND CRUISER 79	Genuine
48815-26060	Rear Stabilizer D Bush	LAND CRUISER 79	555(Japan)
90311-38047	Seal (diff)	3L/5L (2 wheel)	555(Japan)
T729A	Thrust washer(0.50)	1TR/2TR	555(Japan)
M720AI	Main Bearing(0.25)	LAND CRUISER 79	Taiho
90948-01004	Front Shock Bush	LAND CRUISER 79	Digue
31410-60591	Upper clutch cylinder	1HZ	Genuine
GUT-20	Universal joint	LAND CRUISER 79(rear)	All Parts
90311-48023	Seal (Gear transfer Front seal)	LAND CRUISER 79	Taiho
T720A	Thrust washer(STD)	LAND CRUISER 70 Series	Taiho
17801-30080	Air filter	Genuine	555(Japan)
46410-60850	Handbrake cable	LAND CRUISER 70 Series	Genuine
90310-36003	Seal (Rear tube seal)	LAND CRUISER 79	Digue
BMT--239	Brake Master cylinder	LAND CRUISER 79	Digue
23390-0L041	Fuel Filter	5L/3L	Genuine
43212-60251	Knucle Steering	LAND CRUISER 75 Tourist	Genuine
90311-35032	Seal (diff)	5L/3L	Genuine
04479-60070	Caliper Kit Front	5L/3L	Genuine
47062-60020	Adjuster(Left hand)	LAND CRUISER 79	Koyo japan
13711-54030	Intake Valve	Prado 1KD	Genuine
48815-26060	Rear Stabilizer D Bush	LAND CRUISER 79	GMB Japan
43530-60130	Wheel Hub	5L/3L	Aisin(japan)
R122h	Con Bearing(STD)	5L/3L	Taiho
23390-51070	Fuel Filter	LAND CRUISER 79	Digue
53410-60100	bonnet hinge	Prado 1KD	Genuine
33362-60031	hub	LAND CRUISER 70 Series	Genuine
M042AI	Main Bearing(0.25)	LAND CRUISER 70 Series	Taiho
13041-17011-02	Con Bearing(STD)	LAND CRUISER 79	MK
13711-30030	Intake Valve	LAND CRUISER 75 Tourist	Genuine
4094w	Axle bearing (without con)	5L/3L/1KD	Genuine
M729AI	Main Bearing(STD)	1TR/2TR	MK
M087H	Main Bearing(0.25)	TD23/TD25/TD27	OSK
31210-36330	Pressure Plate	LAND CRUISER 79	Aisin
12303-72010-IN	Gear Mounting	3L/5L	Aisin
33037-35030	Ring Synchronizer (No 1)	Prado 1KD	Genuine
69801-60030	Welding Machine(right hand)(automatic)	Prado 1KD	Genuine
04469-YZZF6	Brake Pads	LAND CRUISER 70 Series	Genuine
04495-60080	Brake Lining	LAND CRUISER 79 (NEW MODEL	Digue
T720A	Thrust washer(0.25)(0.50)	1KD/2KD/1KZ	Taiho
90201-12019	Knucle washer	LAND CRUISER 79	Digue
33364-60070	Sleeve Transmission	5L/3L	Genuine
17801-30040	Air filter	1KD/2KD	MK
M729AI	Main Bearing(0.25)	1TR/2TR	Aisin
15121-54020	Oil Gear	3L/5L	All Parts
T037A	Thrust washer(STD)	LAND CRUISER 70 Series	Taiho
R720AI	Con Bearing(STD)	7L	Taiho
M729AI	Main Bearing(0.50)	7L	Taiho
43401-60080	Stopper Axle	LAND CRUISER 79	OSK
90311-31084	Valve Seal	1TR/2TR	Koyo japan
33368-35090	synchronizer ring (No 4 new)	LAND CRUISER 70 Series	Genuine
90363-35020	Gear bearing	LAND CRUISER 79	All Parts
90389-22003	Rear Spring Bush	LAND CRUISER 75 Tourist	Genuine
04434-60080	Front Axle Gasket Kit	LAND CRUISER 79	GMB Japan
13101-54100a	Piston	2L	Koyo japan
90561-30005	Spacer	LAND CRUISER 79	Digue
90311-62001	Seal (Hub)	LAND CRUISER 70 Series	Genuine
43212-60111	Knucle	LAND CRUISER 79(Old Model)(left hand)	OSK
43207-60032	Knuckle kit/Blanket	LAND CRUISER 79	OSK
13011-15050	Piston rings(STD)	5AF	OSK
23380-17531	Feed Pump	LAND CRUISER 79	MK
R720AI	Con Bearing(STD)	1KD/2KD/1KZ	Genuine
04495-60080	Brake Lining	LAND CRUISER 75 Tourist	Genuine
23390-51070	Fuel Filter	5L/3L	Digue
43212-60251	Knucle	7L	Genuine
90310-35010	Seal (Front tube seal)	LAND CRUISER 79	Karson
R720AI	Con Bearing(STD)	1HZ	Taiho
90364-38012	Needle Bearing(gear)	7L	Genuine
90311-45028	Seal (front diff)	1HZ	Genuine
130011-3061	Piston rings(0.25)	2KD	Genuine
T720A	Thrust washer(0.25)	1KD/2KD/1KZ	GMB Japan
SWT10108ZZ	Piston rings(STD)(0.50)	4AC,4A-LC	NPR
04111-0C098	Overhaul gasket	7L	Genuine
90385-18007	Rubber Spring Bush	HIACE 5L/3L	GMB Japan
43212-60251	Knucle Steering	LAND CRUISER 79	Koyo japan
13011-31220	Piston rings(STD)	1HZ	Genuine
90363-35030	Transfer Input Bearing	LAND CRUISER 75 Tourist	Genuine
69820-60300	Welding Machine	LAND CRUISER 70 Series	Genuine
13011-54120	Piston rings(STD)	LAND CRUISER 79	Genuine
43530-60130	Wheel Hub	LAND CRUISER 79	Genuine
90310-35010	Seal (Front tube seal)	7L	Genuine
M087H	Main Bearing(0.50)	TD23/TD25/TD27	Aisin
13715-30040	Exhaust Valve	2KD	Koyo japan
17801-61030	Air filter	LAND CRUISER 79	Genuine
16100-39486	Water Pump	1KD/2KD	Taiho
04313-28020	Lower clutch kit	LAND CRUISER 79	OSK
90311-65003	Seal(Injector seal)	Prado 1KD	Genuine
90151-60013	Screw(water pump)	1TR/2TR	Aisin
R122h	Con Bearing(STD)(0.25)	4D34	Taiho
90365-34005	Gear bearing(STD)	LAND CRUISER 79	Genuine
09340-6280	Nozzle	LAND CRUISER 79	Aisin
35987	Piston rings(STD)	1HZ	Tp(Japan)
90215-42025	Stopper axle Washer	Prado 1KD	Genuine
K2280-01	Brake Lining	LAND CRUISER 79	Genuine
T720A	Thrust washer(STD)	LAND CRUISER 75 Tourist	Taiho
M042AI	Main Bearing(0.50)	5L/3L	Taiho
31230-60201	Release Bearing	LAND CRUISER 70 Series	Genuine
90916-02452	Fan belt(set)	7L	Genuine
T729A	Thrust washer(STD)	1TR/2TR	All Parts
R039A	Con Bearing(0.50)(0.25)	3L/5L/2L	Taiho
33362-35030	Hub	LAND CRUISER 79(old model)	Koyo japan
90385-19003	Rear Shock Bush	LAND CRUISER 70 Series	Genuine
90389-14056	Rear Spring Bush	LAND CRUISER 79	Aisin
90310-35010	Seal (Front tube seal)	5L/3L	Karson
M042AI	Main Bearing(STD)	3L/5L/2L	Taiho
23390-51030	Fuel Filter	LAND CRUISER 79 New Model	All Parts
90311-85009	Seal(Rear crunk shaft)	7L	Genuine
48511-69435	Shock Absorber(Front long)	LAND CRUISER 79	Koyo japan
90311-41009	Seal (Rear diff)	LAND CRUISER 79	Koyo japan
90364-38011	Needle Bearing(gear)	LAND CRUISER 79	GMB Japan
M720AI	Main Bearing(0.25)	1KD/2KD/1KZ	All Parts
90365-34005	Gear bearing	7L	Genuine
04495-60070	Brake Lining	LAND CRUISER 79 (OLD MODEL	Aisin
15122-54020	Oil Gear	3L/5L	Aisin
90311-42036	Seal(Front timing seal)	3L/5L	Aisin
DTX-172	Clutch plate	1HZ	Japan(Aisin)
M729AI	Main Bearing(STD)	1TR/2TR	Digue
45046-69135	Rear Tie Rod	LAND CRUISER 79	OSK
09340-6280	Nozzle	LAND CRUISER 70 Series	Denso
04469-YZZF6	Brake Pads	LAND CRUISER 75 Tourist	Genuine
33368-35030	synchronizer ring (No 3)(old model)	LAND CRUISER 79	Genuine
4094w	Axle bearing (without con)(0.25)	5L/3L/1KD	Koyo japan
48061-60050	Small Arm bush	LAND CRUISER 79	Genuine
53420-60100	bonnet hinge	1HZ	Genuine
48702-60050	Big Arm bush	7L	Genuine
04371-60060	Universal joint FRONT	Prado 1KD	Genuine
Ge	Brake Pads	V8	Koyo japan
M720AI	Main Bearing(0.50)	1KD/2KD/1KZ	GMB Japan
90915-10004	Oil Filter	RAV 4	All Parts
17801-30040	Air filter	1KD/2KD	Digue
13711-54030	Intake Valve	HIACE 5L	Aisin
17801-17020	Air filter	V8	Genuine
90366-40111	Diff Bearing	LAND CRUISER 79	555(Japan)
48531-69865	Shock Absorber(Rear)	LAND CRUISER 79	All Parts
90311-35032	Seal (diff)	3L/5L (4x4)	Taiho
1620-17050(FCT-039)	Coupling/ Fan clutch	LAND CRUISER 79	Genuine
35987	Piston rings(STD)	1KD	GMB Japan
90999-70067	Copper bush	LAND CRUISER 79	Karson
90311-62001	Seal (Hub)	LAND CRUISER 75 Tourist	Genuine
R729A	Con Bearing(STD)	1TR/2TR	MK
CTX-073	Pressure Plate	3L	Aisin
48511-69676	Shock Absorber(Front)	LAND CRUISER 79	GMB Japan
R122h	Con Bearing(STD)(0.50)	4D34	Taiho
47061-60030	Adjuster(Right hand)	LAND CRUISER 79	Taiho
43521-60011	Wheel Bearing Adjustment Kit	LAND CRUISER 79	OSK
69058-60141	Fuel cap	7L	Genuine
4094w	Axle bearing (without con)	5L/3L/1KD	Aisin
48702-60050	Big Arm bush	LAND CRUISER 79	555(Japan)
30304AJR	Knuckle bearing	LAND CRUISER 79	Koyo japan
23380-17541	Feed Pump	LAND CRUISER 79	All Parts
48815-26060	Rear Stabilizer D Bush	LAND CRUISER 79	OSK
11115-17010-05	Cylinder Head Cover Gasket	LAND CRUISER 79	Koyo japan
48674-26040	Control Arm Bush	LAND CRUISER 75 Tourist	Genuine
M042AI	Main Bearing(0.25)(0.50)	3L/5L/2L	Taiho
36225-60050	Shaft	LAND CRUISER 79	Aisin
16572-17150	Hose Pipe(lower)	LAND CRUISER 79	Digue
33368-35030	synchronizer ring (No 3)(old model)(0.50)	LAND CRUISER 79	Genuine
90311-45028	Seal (front diff)	LAND CRUISER 79	MK
54560-01j00	Big Arm bush	LAND CRUISER 79/ Nissan patrol	Koyo japan
M720AI	Main Bearing(0.25)(0.25)	1KD/2KD/1KZ	Taiho
90311-38047	Seal (diff)	LAND CRUISER 79	Genuine
04493-60300	BMC kit	Prado 1KD	Genuine
13711-30040	Intake Valve	2KD	GMB Japan
90389-14056	Rear Spring Bush	7L	Genuine
GWT-150A	Water Pump	1KD/2KD	Aisin
T729A	Thrust washer(0.25)(STD)	1TR/2TR	Taiho
31230-60201	Release Bearing(STD)	LAND CRUISER 79	Genuine
Ge	Brake Pads	Prado 1KD	Japan
SB-3972	Ball joint	7L	GMB Japan
90363-12010	Pilot Bearing	7L	Genuine
Wheel-Nut	LAND CRUISER 79	Genuine	Genuine
90385-11021	Rear Link Bush/eye Bush	LAND CRUISER 79	All Parts
13715-30030	Exhaust Valve	1HZ	Genuine
R122h	Con Bearing(STD)	4D34	555(Japan)
16361-17040	Fun	7L	Genuine
200701	Release Bearing(STD)	5L/3L	Nachi
04371-60060	Universal joint FRONT	5L/3L	Genuine
31204-36110	Fork	Prado 1KD	Genuine
DT-068V	Clutch plate	HIACE 5L/3L/ITR/2TR	Aisin
130011-3061	Piston rings	2KD	Koyo japan
17567-17020	Exhaust Mountain	5L/3L	Genuine
R039A	Con Bearing(0.50)	3L/5L/2L	Aisin
90385-18021	Front Rubber Spring Bush	LAND CRUISER 79	Digue
31410-60591	Upper clutch cylinder	LAND CRUISER 79	Digue
PT-152	Heater Plugs	LAND CRUISER 79 3L/5L	Koyo japan
04434-60080	Front Axle Gasket Kit	LAND CRUISER 79	OSK
APO72	Brake Pads	LAND CRUISER 70 Series	All Parts
47062-60020	Adjuster(Left hand)	Prado 1KD	Genuine
4094w	Axle bearing (without con)	LAND CRUISER 70 Series	Koyo japan
47550-60120	Wheel cylinder	LAND CRUISER 79	Koyo japan
12371-17080	Gearbox mounting	LAND CRUISER 70 Series	Genuine
33368-35040	synchronizer ring (No 4 old)	LAND CRUISER 70 Series	Genuine
35892	Piston rings(STD)	LAND CRUISER 79	Tp(Japan)
13101-54101	Piston(STD)	3L	Genuine
45044-69135	Tie rod Front	LAND CRUISER 79	Genuine
30304AJR	Knuckle bearing	5L/3L	Koyo japan
43212-60251	Knucle Steering(0.50)	LAND CRUISER 79	Genuine
33037-35030	Ring Synchronizer (No 1)	LAND CRUISER 70 Series	Genuine
R122h	Con Bearing(STD)	4D34	GMB Japan
T729A	Thrust washer(STD)	7L	Taiho
90311-48023	Seal (Gear transfer Front seal)	LAND CRUISER 79	Aisin
T720A	Thrust washer(0.25)	1HZ	Taiho
13711-54040	Exhaust Valve	LAND CRUISER 70 Series	Genuine
90311-85009	Seal(Rear crunk shaft)	3L/5L	All Parts
17201-30200	Turbo charger	LAND CRUISER 79	Super japan
31210-36330	Pressure Plate	LAND CRUISER 79	MK
12303-72010-IN	Gear Mounting	3L/5L	MK
T720A	Thrust washer(0.25)	1KD/2KD/1KZ	OSK
90389-22003	Rear Spring Bush	LAND CRUISER 79	All Parts
04479-60070	Caliper Kit Front	LAND CRUISER 75 Tourist	Genuine
23303-64019	Oil Filter	LAND CRUISER 79 3L	Digue
90385-18007	Rubber Spring Bush	HIACE 5L/3L	OSK
90311-35032	Seal (diff)	LAND CRUISER 75 Tourist	Genuine
17801-30040	Air filter	7L	Genuine
M729AI	Main Bearing(0.25)	1TR/2TR	MK
42323-60020	Conn washer(STD)	LAND CRUISER 79	Genuine
33037-35030	Ring Synchronizer (No 1)(0.25)	LAND CRUISER 79	Genuine
42323-60020	Conn washer	LAND CRUISER 70 Series	Genuine
17201-30200	Turbo charger	IKD	Genuine
90948-01004	Front Shock Bush	LAND CRUISER 79	GMB Japan
90311-65003	Seal(Injector seal)	1KD/2KD	555(Japan)
T037A	Thrust washer(0.25)	LAND CRUISER 79	Taiho
90311-32020	Seal(Cam shaft)	3L/5L 1HZ	All Parts
33212-35032	Fork (Number 1)	LAND CRUISER 79	Genuine
90310-36003	Seal (Rear tube seal)	LAND CRUISER 79	GMB Japan
45046-69135	Rear Tie Rod	Prado 1KD	Genuine
17801-30080	Air filter	1HZ	Genuine
R729A	Con Bearing(STD)	1TR/2TR	Digue
M042AI	Main Bearing(0.25)	3L/5L/2L	Koyo japan
90151-60013	Screw(water pump)	1HZ	Genuine
23390-51070	Fuel Filter	LAND CRUISER 79	GMB Japan
31204-36110	Fork	5L/3L	Genuine
43521-60011	Stopper axle nut	Prado 1KD	Genuine
90311-65003	Seal(Injector seal)	1KD/2KD	GMB Japan
PT-157	Heater Plugs	LAND CRUISER 79	MK
90363-35030	Transfer Input Bearing	LAND CRUISER 79	All Parts
33362-35030	Hub	LAND CRUISER 75 Tourist	Genuine
T037A	Thrust washer(0.50)	3L/5L/2L	Digue
04465-60340	Pad Kit Disc Brake Front	LAND CRUISER 79	MK
31470-60290	Lower clutch Cylinder	LAND CRUISER 79	555(Japan)
33368-35090	synchronizer ring (No 4 new)(0.50)	LAND CRUISER 79	Genuine
88440-35010	Ac Pulley	LAND CRUISER 79	555(Japan)
1620-17050(FCT-039)	Coupling/ Fan clutch	LAND CRUISER 79	Japan/Aisin
47201-60A70	Brake Master cylinder	1HZ	Genuine
48829-60080	Bracket(Left)	1HZ	Genuine
13711-17010	Intake Valve	LAND CRUISER 79	All Parts
13101-54101a	Piston	3L	555(Japan)
SWT10108ZZ	Piston rings(STD)	1HZ	NPR
15121-54020	Oil Gear	LAND CRUISER 79	Genuine
102949/10	Small Hub Bearing	LAND CRUISER 79	Koyo japan
GWT-91A	Water Pump	5L/3L	GMB Japan
3504	Release Bearing	2KD	Digue
31250-60432	Clutch plate	LAND CRUISER 79	Genuine
90311-45028	Seal (front diff)	LAND CRUISER 79	Digue
04495-60080	Brake Lining	LAND CRUISER 79 (NEW MODEL	GMB Japan
53510-60220	Bonnet Lock	7L	Genuine
90201-12019	Knucle washer	LAND CRUISER 79	GMB Japan
13041-17011-02	Con Bearing(STD)	5L/3L	Genuine
90368-45087	Wheel Bearing Outer	1HZ	Genuine
M087H	Main Bearing(0.50)	TD23/TD25/TD27	MK
90364-38012	Needle Bearing(gear)(0.25)	LAND CRUISER 79	Genuine
R729A	Con Bearing(0.50)	LAND CRUISER 70 Series	Taiho
11701-75033-02	Con Bearing(STD)	1TR	Genuine
1620-17050(FCT-039)	Coupling/ Fan clutch	LAND CRUISER 79	Aisin
T037A	Thrust washer(0.25)	5L/3L	Taiho
31470-60290	Lower clutch Cylinder	LAND CRUISER 79	GMB Japan
T720A	Thrust washer(0.50)(STD)	1KD/2KD/1KZ	Taiho
M720AI	Main Bearing(0.50)	1KD/2KD/1KZ	OSK
69802-60030	welding Machine(left hand)(automatic)	LAND CRUISER 70 Series	Genuine
90561-30005	Spacer	LAND CRUISER 79	GMB Japan
13103-30102	Piston(0.50)	2KD	Taiho
13711-54020	Intake Valve	HIACE 3L/79(IHZ)	Taiho
16100-39486	Water Pump	1KD/2KD	Aisin
48511-69676	Shock Absorber(Front)	LAND CRUISER 79	OSK
42323-60020	Conn washer(0.25)	LAND CRUISER 79	Genuine
12371-17080	Gearbox mounting	LAND CRUISER 79	Taiho
90389-14056	Rear Spring Bush	LAND CRUISER 79	MK
90385-13009	Front Link Bush/ Eye Bush	7L	Genuine
33368-35040	synchronizer ring (No 4 old)	LAND CRUISER 79	Taiho
90501-08212	Compression Spring	7L	Genuine
94115-71200	Knucle nut	LAND CRUISER 79	Koyo japan
33037-35030	Ring Synchronizer (No 1)	LAND CRUISER 75 Tourist	Genuine
69801-60030	Welding Machine(right hand)(automatic)	LAND CRUISER 79	Taiho
33037-35030	Ring Synchronizer (No 1)	LAND CRUISER 79	Taiho
096400-1500	Rotor Head	Prado 1KD	Koyo japan
13011-15050	Piston rings(STD)	Prado 1KD	Genuine
1620-17050(FCT-039)	Coupling/ Fan clutch	5L/3L	Japan/Aisin
23303-64019	Oil Filter	7L	OSK
KD2605	Brake Pads	7L	Taiho
M720AI	Main Bearing(0.50)(0.50)	1KD/2KD/1KZ	Taiho
04495-60070	Brake Lining	LAND CRUISER 79 (OLD MODEL	MK
31250-60432	Clutch plate	5L/3L	Genuine
15122-54020	Oil Gear	3L/5L	MK
PT-152	Heater Plugs	LAND CRUISER 79	Japan
GWT-150A	Water Pump	5L/3L	GMB Japan
90385-18022	Rear Rubber Spring Bush	LAND CRUISER 79	MK
90311-42036	Seal(Front timing seal)	3L/5L	MK
48815-60170	Front Stabilizer D Bush	LAND CRUISER 79	All Parts
M042AI	Main Bearing(STD)	3L/5L/2L	Aisin
M042AI	Main Bearing(0.50)	LAND CRUISER 75 Tourist	Taiho
104948/10	Big Hub Bearing	LAND CRUISER 79	555(Japan)
31210-36330	Pressure Plate	LAND CRUISER 79	Digue
36211-60090	Connector shaft(STD)	LAND CRUISER 79	Genuine
33364-60070	Sleeve Transmission	LAND CRUISER 79	Koyo japan
13711-30040	Intake Valve	2KD	OSK
096400-1500	Rotor Head	LAND CRUISER 79	Genuine
33368-35080	synchronizer ring (No 3)(new model)	Prado 1KD	Genuine
D2177M-01	Brake Pads	LAND CRUISER 75 Tourist	MK
90311-95008	Seal(Rear crunk shaft seal)	1HZ/2KD/1KD	Genuine
90311-32020	Seal(Cam shaft)	LAND CRUISER 70 Series	Genuine
M729AI	Main Bearing(0.25)	1TR/2TR	Digue
13711-54030	Intake Valve	HIACE 5L	MK
13011-75110	Piston rings(STD)	2TR	Koyo japan
33037-60050	Synchronizer ring (No 2)	LAND CRUISER 75 Tourist	Genuine
CTX-084	Pressure Plate	1KD/1HZ79	Taiho
36211-60090	Connector shaft	7L	Genuine
CTX-125	Pressure Plate	2KD	All Parts
90311-42036	Seal(Front crunk shaft seal)	LAND CRUISER 70 Series	Genuine
04495-60080	Brake Lining	7L	Genuine
SWT10108ZZ	Piston rings(STD)	4AC,4A-LC	Genuine
CTX-073	Pressure Plate	3L	MK
69810-60330	Welding Machine(manual)	LAND CRUISER 79(manual)	Genuine
17801-61030	Air filter	LAND CRUISER 75 Tourist	Genuine
90311-35032	Seal (diff)	3L/5L (4x4)	Aisin
90366-33006	Diff Bearing	LAND CRUISER 79	555(Japan)
4094w	Axle bearing (without con)	5L/3L/1KD	MK
R729A	Con bearing(0.25)	1TR/2TR	All Parts
T729A	Thrust washer(0.25)	1TR/2TR	Genuine
R122h	Con Bearing(STD)	4D34	OSK
16210-17070	Coupling/ Fan clutch	Prado 1KD	Genuine
90363-35030	Transfer Input Bearing	7L	Genuine
47061-60030	Adjuster(Right hand)	LAND CRUISER 79	Aisin
M729AI	Main Bearing(STD)	1TR/2TR	GMB Japan
53410-60100	bonnet hinge	LAND CRUISER 79	Genuine
90385-18021	Front Rubber Spring Bush(STD)	LAND CRUISER 79	Genuine
R729A	Con Bearing(STD)	1TR/2TR	OSK
13101-54101a	Piston(0.50)	3L	Japan
90214-42030	Stopper axle Washer	LAND CRUISER 79	Digue
13041-17011-02	Con Bearing(STD)(0.50)	LAND CRUISER 79	Genuine
17801-30040	Air filter	1KD/2KD	GMB Japan
R729A	Con Bearing(0.50)	1TR/2TR	Genuine
M087H	Main Bearing(0.50)	TD23/TD25/TD27	Digue
31232-36020	Clutch Release Clip	LAND CRUISER 75 Tourist	Genuine
90151-60013	Screw(water pump)	1TR/2TR	Digue
43207-60032	Knuckle kit/Blanket	7L	Karson
90948-01004	Front Shock Bush	LAND CRUISER 79	OSK
09340-6280	Nozzle	LAND CRUISER 79	Digue
DT-068V	Clutch plate	HIACE 5L/3L/ITR/2TR	MK
13013-54120	Piston rings(0.50)	1HZ	Genuine
GFT-223	Coupling/ Fan clutch	LAND CRUISER 79	Genuine
GUT-20	Universal joint	7L	GMB Japan
43212-60251	Knucle	LAND CRUISER 79	Genuine
T720A	Thrust washer(STD)	1KD/2KD/1KZ	Genuine
90310-36003	Seal (Rear tube seal)	LAND CRUISER 79	OSK
16572-17020	Hose Pipe(lower)	LAND CRUISER 79	All Parts
90364-38012	Needle Bearing(gear)	LAND CRUISER 79	Genuine
SB-3972	Ball joint	LAND CRUISER 70 Series	555(Japan)
23390-0L041	Fuel Filter	1KD/2KD	Genuine
47062-60020	Adjuster(Left hand)	LAND CRUISER 79	555(Japan)
R729A	Con Bearing(STD)	5L/3L	Taiho
90389-14056	Rear Spring Bush	LAND CRUISER 79	Digue
GUT-21	Universal joint	5L/3L	All Parts
T720A	Thrust washer(STD)	1HZ	Taiho
M729AI	Main Bearing(0.50)(STD)	1TR/2TR	Taiho
90311-65003	Seal(Injector seal)	1KD/2KD	OSK
15121-54020	Oil Gear	3L/5L	Taiho
46410-60850	Handbrake cable	1HZ	Genuine
16572-17150	Hose Pipe(lower)	LAND CRUISER 79	GMB Japan
04111-0C098	Overhaul gasket	LAND CRUISER 79	Genuine
04371-36050	Universal joint REAR	LAND CRUISER 79	All Parts
04371-60060	Universal joint FRONT	LAND CRUISER 75 Tourist	Genuine
M042AI	Main Bearing(0.25)(0.25)	3L/5L/2L	Taiho
K2280-01	Brake Lining	Prado 1KD	MK
90363-35020	Gear bearing	LAND CRUISER 79	Taiho
90363-35020	Gear bearing(0.50)	LAND CRUISER 79	Genuine
43530-60130	Wheel Hub	LAND CRUISER 79	MK
90310-35010	Seal (Front tube seal)	LAND CRUISER 79	Genuine
04495-60070	Brake Lining	LAND CRUISER 79 (OLD MODEL	Digue
33362-60031	hub	1HZ	Genuine
15122-54020	Oil Gear	3L/5L	Digue
M042AI	Main Bearing(0.25)	1HZ	Taiho
48511-69676	Shock Absorber(Front)	Prado 1KD	Genuine
04495-60080	Brake Lining	LAND CRUISER 79 (NEW MODEL	OSK
16210-17070	Coupling/ Fan clutch	5L/3L	Genuine
90201-12019	Knucle washer	LAND CRUISER 79	OSK
90311-32020	Seal(Cam shaft)	LAND CRUISER 75 Tourist	Genuine
90363-35030	Transfer Input Bearing(STD)	LAND CRUISER 79	Genuine
16100-39486	Water Pump	LAND CRUISER 70 Series	Genuine
M729AI	Main Bearing(STD)(0.50)	1TR/2TR	Taiho
45045-69075	Tie rod Front	LAND CRUISER 79	All Parts
31470-60290	Lower clutch Cylinder	LAND CRUISER 79	OSK
35892	Piston rings(0.50)	3L	Genuine
23380-17531	Feed Pump	LAND CRUISER 70 Series	Genuine
47061-60030	Adjuster(Right hand)	7L	Genuine
04469-YZZF6	Brake Pads	1HZ	Genuine
90916-02452	Fan belt(set)	LAND CRUISER 79	Genuine
90311-31084	Valve Seal	1TR/2TR	555(Japan)
90311-62001	Seal (Hub)	Prado 1KD	Musashi
90385-18021	Front Rubber Spring Bush	LAND CRUISER 79	GMB Japan
90561-30005	Spacer	LAND CRUISER 79	OSK
13101-54100a	Piston	2L	555(Japan)
GUT-20	Universal joint	LAND CRUISER 79(rear)	Genuine
31410-60591	Upper clutch cylinder	LAND CRUISER 79	GMB Japan
90915-YZZD4	Oil Filter	7L	Genuine
53420-60100	bonnet hinge	LAND CRUISER 79	Genuine
CTX-073	Pressure Plate	3L	Digue
90311-85009	Seal(Rear crunk shaft)	LAND CRUISER 79	Genuine
23303-64019	Oil Filter	LAND CRUISER 79 3L	555(Japan)
SE-2752	Tie Rod	5L/3L	555(Japan)
04495-60070	Brake Lining	LAND CRUISER 70 Series	Genuine
48674-26040	Control Arm Bush	7L	Genuine
33362-60031	hub	LAND CRUISER 79(New model	Genuine
90365-34005	Gear bearing	LAND CRUISER 79	Genuine
90311-62001	Seal (Hub)	1HZ	Genuine
104948/10	Big Hub Bearing	Prado 1KD	Koyo japan
48706-60030	Hard Pan Bush	7L	Genuine
36225-60050	Shaft	LAND CRUISER 79	Digue
30308DJR	Diff Bearing	LAND CRUISER 79	Genuine
43212-60251	Knucle	LAND CRUISER 79 New Model(left hand)	Aisin
23303-64019	Oil Filter	LAND CRUISER 79 3L	GMB Japan
48061-60050	Small Arm bush	LAND CRUISER 79	Koyo japan
T720A	Thrust washer(0.50)	LAND CRUISER 79	Taiho
43212-60251	Knucle Steering	LAND CRUISER 79	555(Japan)
17801-17020	Air filter	V8	MK
T729A	Thrust washer(STD)	1TR/2TR	Taiho
GWT-150A	Water Pump	1KD/2KD	Digue
1620-17050(FCT-039)	Coupling/ Fan clutch	LAND CRUISER 79	MK
K2280-01	Brake Lining	5L/3L	MK
DT-094L	Clutch plate	5L/3L	Japan(Aisin)
13715-30040	Exhaust Valve	2KD	555(Japan)
90368-45087	Wheel Bearing Outer	LAND CRUISER 79	Digue
33368-35090	synchronizer ring (No 4 new)	LAND CRUISER 79	Koyo japan
23390-51030	Fuel Filter	LAND CRUISER 79 New Model	Taiho
53410-60100	bonnet hinge	LAND CRUISER 79(right hand side)	Koyo japan
23390-51030	Fuel Filter	1HZ	Genuine
13101-54100a	Piston	7L	Japan
15122-54020	Oil Gear	LAND CRUISER 70 Series	Genuine
69820-60300	Welding Machine	1HZ	Genuine
90311-42036	Seal(Front timing seal)	LAND CRUISER 70 Series	Genuine
90311-31084	Valve Seal	7L	Genuine
T720A	Thrust washer(0.50)	1KD/2KD/1KZ	Koyo japan
31230-60201	Release Bearing(0.50)	LAND CRUISER 79	Genuine
17567-61030	Exhaust Mountain	LAND CRUISER 79	Genuine
17567-17020	Exhaust Mountain	LAND CRUISER 79	Koyo japan
CTX--064	Pressure Plate	5L/3L	Genuine
69810-60330	Welding Machine(manual)	LAND CRUISER 79(manual)	Aisin
43401-60080	Stopper Axle	Prado 1KD	Japan
M729AI	Main Bearing(0.25)	5L/3L	Taiho
R729A	Con Bearing(STD)	1TR/2TR	GMB Japan
DT-068V	Clutch plate	HIACE 5L/3L/ITR/2TR	Digue
69058-60141	Fuel cap	LAND CRUISER 79	Genuine
R720AI	Con bearing(0.25)	1KD/2KD/1KZ	Koyo japan
90389-22003	Rear Spring Bush	LAND CRUISER 70 Series	Genuine
R039A	Con Bearing(0.50)	3L/5L/2L	Digue
90365-34005	Gear bearing	5L/3L	Genuine
M720AI	Main Bearing(STD)	LAND CRUISER 70 Series	Taiho
23380-17451	Feed Pump	LAND CRUISER 70 Series	Genuine
33362-35030	Hub	LAND CRUISER 79(old model)	555(Japan)
90311-30014	Seal (Top shaft seal/bridge seal	3L/5L	Koyo japan
CTX--076	Pressure Plate	ITR/2TR	All Parts
90999-70067	Copper bush	LAND CRUISER 79	Genuine
T037A	Thrust washer(0.50)	3L/5L/2L	GMB Japan
53420-60100	bonnet hinge	LAND CRUISER 79 Left hand)	Genuine
90915-10004	Oil Filter	RAV 4	Taiho
13103-30102	Piston(0.50)	2KD	Aisin
48511-69435	Shock Absorber(Front long)	LAND CRUISER 79	555(Japan)
13711-54020	Intake Valve	HIACE 3L/79(IHZ)	Aisin
48531-69865	Shock Absorber(Rear)	LAND CRUISER 79	Taiho
90948-01004	Front Shock Bush	Prado 1KD	Genuine
3504	Release Bearing	2KD	GMB Japan
90311-41009	Seal (Rear diff)	LAND CRUISER 79	555(Japan)
90311-48023	Seal (Gear transfer Front seal)	LAND CRUISER 79	Digue
3504	Release Bearing(0.50)	2KD	NSK
90385-19003	Rear Shock Bush	1HZ	Genuine
T720A	Thrust washer(0.50)	5L/3L	Taiho
12371-17080	Gearbox mounting	LAND CRUISER 79	Aisin
CTX-073	Pressure Plate	Prado 1KD	Japan(Aisin)
33368-35040	synchronizer ring (No 4 old)	LAND CRUISER 79	Aisin
M042AI	Main Bearing(STD)	3L/5L/2L	MK
33364-60070	Sleeve Transmission	Prado 1KD	Genuine
LM48548/10	wheel bearing	Prado 1KD	Koyo japan
90310-36003	Seal (Rear tube seal)	Prado 1KD	Genuine
69801-60030	Welding Machine(right hand)(automatic)	LAND CRUISER 79	Aisin
104948/10	Big Hub Bearing	5L/3L	Koyo japan
33037-35030	Ring Synchronizer (No 1)	LAND CRUISER 79	Aisin
M042AI	Main Bearing(STD)	Prado 1KD	Taiho
90363-12010	Pilot Bearing	LAND CRUISER 79	Genuine
KD2605	Brake Pads	7L	Aisin
69810-60330	Welding Machine(manual)	Prado 1KD	Genuine
16361-17040	Fun	LAND CRUISER 79	Genuine
Ge	Brake Pads	V8	555(Japan)
17801-30040	Air filter	1KD/2KD	OSK
1620-17050(FCT-039)	Coupling/ Fan clutch	LAND CRUISER 75 Tourist	Japan/Aisin
13101-54101	Piston	1HZ	Genuine
23380-17531	Feed Pump	LAND CRUISER 75 Tourist	Genuine
23380-17541	Feed Pump	LAND CRUISER 79	Taiho
12649/10	front Wheel Bearing(0.25)	5L/3L	Koyo japan
90915-30002-8T	Oil Filter	LAND CRUISER 70 Series	Genuine
23390-0L041	Fuel Filter	1HZ	Genuine
15121-54020	Oil Gear	LAND CRUISER 75 Tourist	Genuine
04311-6100	Upper clutch kit	LAND CRUISER 79	Genuine
13711-17010	Intake Valve	LAND CRUISER 70 Series	Genuine
99332-11260	Fan belt	LAND CRUISER 70 Series	Genuine no 2
90311-48010	Seal (Gear transfer Rear seal)	5L/3L	Genuine
04479-60070	Caliper Kit Front	1HZ	Genuine
13715-30030	Exhaust Valve	1KD	Genuine
45044-69135	Tie rod Front	LAND CRUISER 79	MK
90311-35032	Seal (diff)	3L/5L (4x4)	MK
T729A	Thrust washer(STD)	LAND CRUISER 79	Taiho
90201-12019	Knucle washer	Prado 1KD	Genuine
90311-48022	Seal (Gear transfer Front seal)	7L	Genuine
M087H	Main Bearing(0.50)	7L	Taiho
43401-60080	Stopper Axle	5L/3L	Japan
DTX-172	Clutch plate	2KD	Genuine
30304AJR	Knuckle bearing	LAND CRUISER 79	555(Japan)
43521-60011	Wheel Bearing Adjustment Kit	LAND CRUISER 75 Tourist	Genuine
31232-36020	Clutch Release Clip	LAND CRUISER 79	All Parts
11115-17010-05	Cylinder Head Cover Gasket	LAND CRUISER 79	555(Japan)
M042AI	Main Bearing(0.50)(0.50)	3L/5L/2L	Taiho
47061-60030	Adjuster(Right hand)	LAND CRUISER 79	MK
16572-17150	Hose Pipe(lower)	LAND CRUISER 79	OSK
90385-11021	Rear Link Bush/eye Bush	LAND CRUISER 79	Taiho
200701	Release Bearing	5L/3L	Genuine
31210-36330	Pressure Plate	LAND CRUISER 79	GMB Japan
54560-01j00	Big Arm bush	LAND CRUISER 79/ Nissan patrol	555(Japan)
17801-30040	Air filter	LAND CRUISER 79	Genuine
48815-26060	Rear Stabilizer D Bush	LAND CRUISER 75 Tourist	Genuine
47550-60120	Wheel cylinder	7L	Genuine
33213-35040	Fork (Number 3 and 4)	5L/3L	Genuine
04234-68010	Fuel Filter	LAND CRUISER 75	Koyo japan
M729AI	Main Bearing(0.25)	1TR/2TR	GMB Japan
13711-54030	Intake Valve	7L	Genuine
90385-18022	Rear Rubber Spring Bush	5L/3L	Genuine
33212-35032	Fork (Number 1)	LAND CRUISER 79	MK
13011-15050	Piston rings(STD)(0.25)	5AF	Genuine
90311-85009	Seal(Rear crunk shaft)	3L/5L	Taiho
13011-15050	Piston rings(STD)	LAND CRUISER 75 Tourist	Genuine
130011-3061	Piston rings	2KD	555(Japan)
17801-17020	Air filter	Prado 1KD	Genuine
90385-18021	Front Rubber Spring Bush	LAND CRUISER 79	OSK
31410-60591	Upper clutch cylinder	LAND CRUISER 79	OSK
90389-22003	Rear Spring Bush	LAND CRUISER 79	Taiho
69801-60030	Welding Machine(right hand)(automatic)	7L	Genuine
DT-036V	Clutch plate	Prado 1KD	Japan(Aisin)
90126-12010	Knucle stud	LAND CRUISER 70 Series	Genuine
16100-39486	Water Pump	1KD/2KD	Digue
PT-152	Heater Plugs	LAND CRUISER 79 3L/5L	555(Japan)
47550-60120	Wheel cylinder	LAND CRUISER 79	555(Japan)
04434-60080	Front Axle Gasket Kit	LAND CRUISER 75 Tourist	Genuine
M087H	Main Bearing(0.25)	TD23/TD25/TD27	All Parts
200701	Release Bearing	LAND CRUISER 70 Series	Nachi
APO72	Brake Pads	1HZ	All Parts
4094w	Axle bearing (without con)	1HZ	Koyo japan
SE-2752	Tie Rod	LAND CRUISER 79	All Parts
90311-50051	Seal(Front crunk shaft seal)	1KD/2KD	Koyo japan
53510-60220	Bonnet Lock	LAND CRUISER 79	Genuine
33368-35040	synchronizer ring (No 4 old)	1HZ	Genuine
220-40582	Clutch kit Lower	5L/3L	Genuine
90311-32020	Seal(Cam shaft)	3L/5L 1HZ	Taiho
48706-60030	Hard Pan Bush	LAND CRUISER 70 Series	RBI
33037-35030	Ring Synchronizer (No 1)	1HZ	Genuine
23303-64019	Oil Filter	LAND CRUISER 79 3L	OSK
90214-42030	Stopper axle Washer	LAND CRUISER 79	GMB Japan
13711-54040	Exhaust Valve	1HZ	Genuine
15121-54020	Oil Gear	3L/5L	Aisin
90311-38047	Seal (diff)	LAND CRUISER 70 Series	Genuine
CTX-073	Pressure Plate	3L	Japan(Aisin)
R720AI	Con Bearing(0.50)	7L	Taiho
