uuid,part_number,name,description,vehicle_engine,tags,make,aed_buying_price,selling_price,stock_qty,min_stock
4c9b52da-384e-44ae-b659-f18ebbc44e51,11115-17010-01,Head Gasket Kit 1HDT,Cylinder head gasket - Kit variant for 1HDT engine,"Land Cruiser 70/75/79 Series, Prado - 1HDT","engine,gasket,1hz,service,1hdt",Genuine Toyota Japan,53.99,151.17,18,5
85f61efe-4d1d-4af3-a0fa-cf2f05027d7c,11115-17010-01-V01,Head Gasket 0.50 1KD-FTV,Cylinder head gasket - 0.50 variant for 1KD-FTV engine,"Land Cruiser 70/75/79 Series, Prado - 1KD-FTV","engine,gasket,1hz,wheels,1kd-ftv",Genuine Toyota Japan,1049.81,2939.47,50,5
fdac93df-8a75-47b6-95f7-515332cb15a1,11115-17010-01-V02,Head Gasket LH 1KD-FTV,Cylinder head gasket - LH variant for 1KD-FTV engine,"Land Cruiser 70/75/79 Series, Prado - 1KD-FTV","engine,gasket,1hz,clutch,1kd-ftv",Genuine Toyota Japan,41.73,116.84,50,5
7007256e-ee5d-4e46-a8c7-cd890b0b86ca,11115-17010-01-V03,Head Gasket Front 5L-E,Cylinder head gasket - Front variant for 5L-E engine,"Land Cruiser 70/75/79 Series, Prado - 5L-E","engine,gasket,1hz,wheels,5l-e",Genuine Toyota Japan,611.99,1713.57,18,5
e74c5c61-a7c8-4466-8d92-40ab51b2e774,11115-17010-01-V04,Head Gasket LH 1HZ,Cylinder head gasket - LH variant for 1HZ engine,"Land Cruiser 70/75/79 Series, Prado - 1HZ","engine,gasket,1hz,service,1hz",Genuine Toyota Japan,63.36,177.41,10,5
38347b6d-2c81-48b9-994d-f5f4523e6e3a,11115-17010-01-V05,Head Gasket RH 1HZ,Cylinder head gasket - RH variant for 1HZ engine,"Land Cruiser 70/75/79 Series, Prado - 1HZ","engine,gasket,1hz,suspension,1hz",Genuine Toyota Japan,935.39,2619.09,7,5
2a25712a-48be-4e9f-8d2a-a41be33f85cb,11115-17010-01-V06,Head Gasket STD 1HZ,Cylinder head gasket - STD variant for 1HZ engine,"Land Cruiser 70/75/79 Series, Prado - 1HZ","engine,gasket,1hz,suspension,1hz",Genuine Toyota Japan,480.91,1346.55,29,5
eb514538-5dd9-4e4c-9e17-e4a53af8f657,11115-17010-01-V07,Head Gasket RH 7L,Cylinder head gasket - RH variant for 7L engine,"Land Cruiser 70/75/79 Series, Prado - 7L","engine,gasket,1hz,gearbox,7l",Genuine Toyota Japan,286.33,801.72,25,5
266879cf-bf2e-4ead-8b69-e6ecdb6d41bf,11115-17010-01-V08,Head Gasket Front 5L-E,Cylinder head gasket - Front variant for 5L-E engine,"Land Cruiser 70/75/79 Series, Prado - 5L-E","engine,gasket,1hz,suspension,5l-e",Genuine Toyota Japan,663.15,1856.82,39,5
b7c00c2e-2444-4f5b-aab1-fa67ed5b36ab,11115-17010-01-V09,Head Gasket LH 5L-E,Cylinder head gasket - LH variant for 5L-E engine,"Land Cruiser 70/75/79 Series, Prado - 5L-E","engine,gasket,1hz,gearbox,5l-e",Genuine Toyota Japan,551.62,1544.54,50,5
98caa490-0ffd-4cfd-965f-2b7c325c1955,11115-17010-01-V10,Head Gasket Rear 1HZ,Cylinder head gasket - Rear variant for 1HZ engine,"Land Cruiser 70/75/79 Series, Prado - 1HZ","engine,gasket,1hz,gearbox,1hz",Genuine Toyota Japan,189.93,531.8,32,5
a19c75f4-dafd-4e1f-9539-3b9e3de0ee5b,11115-17010-01-V11,Head Gasket STD 1KD-FTV,Cylinder head gasket - STD variant for 1KD-FTV engine,"Land Cruiser 70/75/79 Series, Prado - 1KD-FTV","engine,gasket,1hz,seals,1kd-ftv",Genuine Toyota Japan,487.65,1365.42,13,5
1c65dbd3-5d90-419d-a177-a8be3bada083,11115-17010-01-V12,Head Gasket Kit 1KD-FTV,Cylinder head gasket - Kit variant for 1KD-FTV engine,"Land Cruiser 70/75/79 Series, Prado - 1KD-FTV","engine,gasket,1hz,seals,1kd-ftv",Genuine Toyota Japan,1349.67,3779.08,47,5
c1f325b0-c835-45f8-bbc3-fd1f49570bc4,11115-17010-01-V13,Head Gasket STD 1KD-FTV,Cylinder head gasket - STD variant for 1KD-FTV engine,"Land Cruiser 70/75/79 Series, Prado - 1KD-FTV","engine,gasket,1hz,wheels,1kd-ftv",Genuine Toyota Japan,1219.18,3413.7,17,5
9b0ee7ed-3b38-44c9-9803-8ded038db283,11115-17010-01-V14,Head Gasket STD 7L,Cylinder head gasket - STD variant for 7L engine,"Land Cruiser 70/75/79 Series, Prado - 7L","engine,gasket,1hz,gearbox,7l",Genuine Toyota Japan,887.29,2484.41,30,5
3f5703b9-51ca-4027-881b-56b86b0d7ef8,04111-17010,Overhaul Gasket Kit STD 5L-E,Full engine overhaul gasket set - STD variant for 5L-E engine,"Land Cruiser 70/75/79 Series, Prado - 5L-E","engine,overhaul,1hz,drivetrain,5l-e",Genuine Toyota Japan,880.46,2465.29,25,5
65b7b31f-afdb-4bd8-a80b-d2c80ebb2912,04111-17010-V01,Overhaul Gasket Kit Rear 5L-E,Full engine overhaul gasket set - Rear variant for 5L-E engine,"Land Cruiser 70/75/79 Series, Prado - 5L-E","engine,overhaul,1hz,drivetrain,5l-e",Genuine Toyota Japan,677.93,1898.2,9,5
d078142b-3b3a-4ad1-9ed4-2e0783fe90fa,04111-17010-V02,Overhaul Gasket Kit Kit 1HZ,Full engine overhaul gasket set - Kit variant for 1HZ engine,"Land Cruiser 70/75/79 Series, Prado - 1HZ","engine,overhaul,1hz,seals,1hz",Genuine Toyota Japan,714.76,2001.33,23,5
90ccba02-f8ab-46d9-800a-b03be7427b99,04111-17010-V03,Overhaul Gasket Kit LH 7L,Full engine overhaul gasket set - LH variant for 7L engine,"Land Cruiser 70/75/79 Series, Prado - 7L","engine,overhaul,1hz,suspension,7l",Genuine Toyota Japan,45.36,127.01,12,5
42fad5c4-231e-4b8a-b08b-ad106c575c12,04111-17010-V04,Overhaul Gasket Kit LH 1HDT,Full engine overhaul gasket set - LH variant for 1HDT engine,"Land Cruiser 70/75/79 Series, Prado - 1HDT","engine,overhaul,1hz,suspension,1hdt",Genuine Toyota Japan,668.92,1872.98,34,5
7fb528cd-01e9-4c8c-8cd7-b57bde69f395,04111-17010-V05,Overhaul Gasket Kit Rear 5L-E,Full engine overhaul gasket set - Rear variant for 5L-E engine,"Land Cruiser 70/75/79 Series, Prado - 5L-E","engine,overhaul,1hz,clutch,5l-e",Genuine Toyota Japan,576.41,1613.95,20,5
db2e4323-f905-4367-8ad6-b3fd9fdfca7c,04111-17010-V06,Overhaul Gasket Kit 0.50 1KD-FTV,Full engine overhaul gasket set - 0.50 variant for 1KD-FTV engine,"Land Cruiser 70/75/79 Series, Prado - 1KD-FTV","engine,overhaul,1hz,drivetrain,1kd-ftv",Genuine Toyota Japan,1261.85,3533.18,30,5
96501bf7-8296-4440-bdb6-ef263b21e68a,04111-17010-V07,Overhaul Gasket Kit Rear 7L,Full engine overhaul gasket set - Rear variant for 7L engine,"Land Cruiser 70/75/79 Series, Prado - 7L","engine,overhaul,1hz,wheels,7l",Genuine Toyota Japan,524.77,1469.36,27,5
bf27d70e-afb7-4ac3-b56a-cd945d80c968,04111-17010-V08,Overhaul Gasket Kit 0.25 5L-E,Full engine overhaul gasket set - 0.25 variant for 5L-E engine,"Land Cruiser 70/75/79 Series, Prado - 5L-E","engine,overhaul,1hz,suspension,5l-e",Genuine Toyota Japan,927.79,2597.81,26,5
321b8ad6-177c-43c7-b168-92bd232f592e,04111-17010-V09,Overhaul Gasket Kit STD 1KD-FTV,Full engine overhaul gasket set - STD variant for 1KD-FTV engine,"Land Cruiser 70/75/79 Series, Prado - 1KD-FTV","engine,overhaul,1hz,suspension,1kd-ftv",Genuine Toyota Japan,651.17,1823.28,36,5
e23d7163-68ea-402e-8948-55e8627456e9,04111-17010-V10,Overhaul Gasket Kit Rear 5L-E,Full engine overhaul gasket set - Rear variant for 5L-E engine,"Land Cruiser 70/75/79 Series, Prado - 5L-E","engine,overhaul,1hz,clutch,5l-e",Genuine Toyota Japan,954.06,2671.37,7,5
f5efa265-fa2e-42da-af95-209c35a0d35d,04111-17010-V11,Overhaul Gasket Kit 0.50 1KD-FTV,Full engine overhaul gasket set - 0.50 variant for 1KD-FTV engine,"Land Cruiser 70/75/79 Series, Prado - 1KD-FTV","engine,overhaul,1hz,seals,1kd-ftv",Genuine Toyota Japan,732.51,2051.03,30,5
7e99bae5-a4ce-42af-a435-d988150d0c93,04111-17010-V12,Overhaul Gasket Kit STD 7L,Full engine overhaul gasket set - STD variant for 7L engine,"Land Cruiser 70/75/79 Series, Prado - 7L","engine,overhaul,1hz,seals,7l",Genuine Toyota Japan,808.12,2262.74,17,5
d13dfbcd-05ca-4828-90c7-801ea0c9103f,04111-17010-V13,Overhaul Gasket Kit STD 7L,Full engine overhaul gasket set - STD variant for 7L engine,"Land Cruiser 70/75/79 Series, Prado - 7L","engine,overhaul,1hz,service,7l",Genuine Toyota Japan,1159.17,3245.68,17,5
f7632ce4-f827-4369-8f44-c8aed3ffe06a,04111-17010-V14,Overhaul Gasket Kit Rear 7L,Full engine overhaul gasket set - Rear variant for 7L engine,"Land Cruiser 70/75/79 Series, Prado - 7L","engine,overhaul,1hz,seals,7l",Genuine Toyota Japan,956.41,2677.95,18,5
106329b2-b991-4183-8a22-f0eb753744e4,16100-19235,Water Pump 0.25 1KD-FTV,Engine coolant pump assembly - 0.25 variant for 1KD-FTV engine,"Land Cruiser 70/75/79 Series, Prado - 1KD-FTV","engine,cooling,1hz,engine,1kd-ftv",Genuine Toyota Japan,612.15,1714.02,22,5
4389d8ca-0216-49c2-9ca0-92b0b666128e,16100-19235-V01,Water Pump Kit 7L,Engine coolant pump assembly - Kit variant for 7L engine,"Land Cruiser 70/75/79 Series, Prado - 7L","engine,cooling,1hz,service,7l",Genuine Toyota Japan,1147.21,3212.19,36,5
71637065-1590-4498-9d05-cba45bd7f045,16100-19235-V02,Water Pump RH 7L,Engine coolant pump assembly - RH variant for 7L engine,"Land Cruiser 70/75/79 Series, Prado - 7L","engine,cooling,1hz,gearbox,7l",Genuine Toyota Japan,676.46,1894.09,50,5
002a5423-3b8a-4c36-ab94-44aaa8bb67e7,16100-19235-V03,Water Pump Front 7L,Engine coolant pump assembly - Front variant for 7L engine,"Land Cruiser 70/75/79 Series, Prado - 7L","engine,cooling,1hz,drivetrain,7l",Genuine Toyota Japan,1442.77,4039.76,17,5
d4235514-421f-404f-a841-6b027f1419ee,16100-19235-V04,Water Pump LH 1KD-FTV,Engine coolant pump assembly - LH variant for 1KD-FTV engine,"Land Cruiser 70/75/79 Series, Prado - 1KD-FTV","engine,cooling,1hz,engine,1kd-ftv",Genuine Toyota Japan,823.75,2306.5,23,5
6ed6fccb-8f7e-4908-b8a5-6f7dbf089f0a,16100-19235-V05,Water Pump Rear 7L,Engine coolant pump assembly - Rear variant for 7L engine,"Land Cruiser 70/75/79 Series, Prado - 7L","engine,cooling,1hz,engine,7l",Genuine Toyota Japan,610.75,1710.1,26,5
f7a3ec49-e816-4dca-96cd-97a2e7579833,16100-19235-V06,Water Pump 0.50 5L-E,Engine coolant pump assembly - 0.50 variant for 5L-E engine,"Land Cruiser 70/75/79 Series, Prado - 5L-E","engine,cooling,1hz,seals,5l-e",Genuine Toyota Japan,515.83,1444.32,40,5
f1f8f29c-4c06-4399-987c-d79a5021a855,16100-19235-V07,Water Pump 0.25 1HZ,Engine coolant pump assembly - 0.25 variant for 1HZ engine,"Land Cruiser 70/75/79 Series, Prado - 1HZ","engine,cooling,1hz,seals,1hz",Genuine Toyota Japan,888.7,2488.36,47,5
64d1d9f1-c80e-4bba-857d-7aaa529b0e53,16100-19235-V08,Water Pump 0.50 1HDT,Engine coolant pump assembly - 0.50 variant for 1HDT engine,"Land Cruiser 70/75/79 Series, Prado - 1HDT","engine,cooling,1hz,gearbox,1hdt",Genuine Toyota Japan,77.42,216.78,8,5
183e49e3-2f0b-461f-8921-6991924bbb7b,16100-19235-V09,Water Pump Front 1KD-FTV,Engine coolant pump assembly - Front variant for 1KD-FTV engine,"Land Cruiser 70/75/79 Series, Prado - 1KD-FTV","engine,cooling,1hz,suspension,1kd-ftv",Genuine Toyota Japan,180.06,504.17,16,5
3cdd774d-3909-40c2-9c02-9438e50c705d,16100-19235-V10,Water Pump 0.25 1KD-FTV,Engine coolant pump assembly - 0.25 variant for 1KD-FTV engine,"Land Cruiser 70/75/79 Series, Prado - 1KD-FTV","engine,cooling,1hz,engine,1kd-ftv",Genuine Toyota Japan,1013.42,2837.58,19,5
4b806cd5-e2dc-48e1-ab49-03d2ad708c9e,16100-19235-V11,Water Pump STD 1HDT,Engine coolant pump assembly - STD variant for 1HDT engine,"Land Cruiser 70/75/79 Series, Prado - 1HDT","engine,cooling,1hz,gearbox,1hdt",Genuine Toyota Japan,625.9,1752.52,23,5
3df68a23-ef7f-41d0-9fab-97de833beedd,16100-19235-V12,Water Pump 0.50 7L,Engine coolant pump assembly - 0.50 variant for 7L engine,"Land Cruiser 70/75/79 Series, Prado - 7L","engine,cooling,1hz,clutch,7l",Genuine Toyota Japan,879.66,2463.05,49,5
ea7f3477-0d93-4f43-9133-52bd1c726864,16100-19235-V13,Water Pump STD 1HDT,Engine coolant pump assembly - STD variant for 1HDT engine,"Land Cruiser 70/75/79 Series, Prado - 1HDT","engine,cooling,1hz,drivetrain,1hdt",Genuine Toyota Japan,1062.64,2975.39,8,5
a67def3a-25af-42bb-9fec-659d443fdac7,16100-19235-V14,Water Pump RH 1HDT,Engine coolant pump assembly - RH variant for 1HDT engine,"Land Cruiser 70/75/79 Series, Prado - 1HDT","engine,cooling,1hz,gearbox,1hdt",Genuine Toyota Japan,1102.85,3087.98,35,5
56cb8fec-ffcb-4dbf-a3e8-49d1bbe0cee0,13101-17010,Piston with Rings 0.50 7L,Piston assembly complete - 0.50 variant for 7L engine,"Land Cruiser 70/75/79 Series, Prado - 7L","engine,piston,1hz,wheels,7l",Genuine Toyota Japan,1204.42,3372.38,24,5
35aafdfb-9672-41d7-a93f-47f270052bf0,13101-17010-V01,Piston with Rings 0.25 1HZ,Piston assembly complete - 0.25 variant for 1HZ engine,"Land Cruiser 70/75/79 Series, Prado - 1HZ","engine,piston,1hz,engine,1hz",Genuine Toyota Japan,284.2,795.76,40,5
8a5df365-dde1-44de-8376-7421bcd6168a,13101-17010-V02,Piston with Rings Kit 1HDT,Piston assembly complete - Kit variant for 1HDT engine,"Land Cruiser 70/75/79 Series, Prado - 1HDT","engine,piston,1hz,engine,1hdt",Genuine Toyota Japan,607.36,1700.61,21,5
3a566163-da9b-4926-b10b-6dd6fdc654ba,13101-17010-V03,Piston with Rings Rear 5L-E,Piston assembly complete - Rear variant for 5L-E engine,"Land Cruiser 70/75/79 Series, Prado - 5L-E","engine,piston,1hz,wheels,5l-e",Genuine Toyota Japan,310.22,868.62,37,5
db2b3a58-d07d-42b1-b4d0-4bfe7bd13064,13101-17010-V04,Piston with Rings Rear 1KD-FTV,Piston assembly complete - Rear variant for 1KD-FTV engine,"Land Cruiser 70/75/79 Series, Prado - 1KD-FTV","engine,piston,1hz,suspension,1kd-ftv",Genuine Toyota Japan,1341.47,3756.12,43,5
d51d723a-09e0-4ab9-bd39-cfca3a23f5c0,13101-17010-V05,Piston with Rings STD 1HDT,Piston assembly complete - STD variant for 1HDT engine,"Land Cruiser 70/75/79 Series, Prado - 1HDT","engine,piston,1hz,service,1hdt",Genuine Toyota Japan,488.54,1367.91,46,5
456eaa16-f222-419c-afca-e35b5a329bed,13101-17010-V06,Piston with Rings Kit 1HZ,Piston assembly complete - Kit variant for 1HZ engine,"Land Cruiser 70/75/79 Series, Prado - 1HZ","engine,piston,1hz,gearbox,1hz",Genuine Toyota Japan,366.74,1026.87,8,5
0dece2d6-7cbe-4279-9252-30bd4f4fd237,13101-17010-V07,Piston with Rings LH 1HDT,Piston assembly complete - LH variant for 1HDT engine,"Land Cruiser 70/75/79 Series, Prado - 1HDT","engine,piston,1hz,seals,1hdt",Genuine Toyota Japan,543.46,1521.69,50,5
c15e1508-d99e-4fd5-8b87-f3517f386da0,13101-17010-V08,Piston with Rings STD 7L,Piston assembly complete - STD variant for 7L engine,"Land Cruiser 70/75/79 Series, Prado - 7L","engine,piston,1hz,service,7l",Genuine Toyota Japan,1170.63,3277.76,20,5
04a52a09-62af-49ce-98c5-7c1399a6d172,13101-17010-V09,Piston with Rings Rear 1HDT,Piston assembly complete - Rear variant for 1HDT engine,"Land Cruiser 70/75/79 Series, Prado - 1HDT","engine,piston,1hz,clutch,1hdt",Genuine Toyota Japan,388.49,1087.77,20,5
d43d5aca-38af-4c4b-aa65-8cc19913d877,13101-17010-V10,Piston with Rings STD 1HZ,Piston assembly complete - STD variant for 1HZ engine,"Land Cruiser 70/75/79 Series, Prado - 1HZ","engine,piston,1hz,engine,1hz",Genuine Toyota Japan,223.49,625.77,39,5
8b93cada-e545-4c92-991e-2bc2d1c481ef,13101-17010-V11,Piston with Rings 0.25 1KD-FTV,Piston assembly complete - 0.25 variant for 1KD-FTV engine,"Land Cruiser 70/75/79 Series, Prado - 1KD-FTV","engine,piston,1hz,service,1kd-ftv",Genuine Toyota Japan,869.12,2433.54,45,5
e557e7ed-0a4b-4101-88a1-14b96b0051c0,13101-17010-V12,Piston with Rings 0.25 5L-E,Piston assembly complete - 0.25 variant for 5L-E engine,"Land Cruiser 70/75/79 Series, Prado - 5L-E","engine,piston,1hz,wheels,5l-e",Genuine Toyota Japan,187.41,524.75,20,5
b5dfa2f1-b8f0-4543-9749-217c546865ae,13101-17010-V13,Piston with Rings Rear 5L-E,Piston assembly complete - Rear variant for 5L-E engine,"Land Cruiser 70/75/79 Series, Prado - 5L-E","engine,piston,1hz,engine,5l-e",Genuine Toyota Japan,231.69,648.73,28,5
9070297d-9da6-4b6f-920c-cbc409bff0d0,13101-17010-V14,Piston with Rings 0.50 1KD-FTV,Piston assembly complete - 0.50 variant for 1KD-FTV engine,"Land Cruiser 70/75/79 Series, Prado - 1KD-FTV","engine,piston,1hz,service,1kd-ftv",Genuine Toyota Japan,343.26,961.13,47,5
f148f65d-d6eb-482f-82b8-25d415cd0dbd,13568-19195,Timing Belt 0.50 1KD-FTV,Camshaft timing belt - 0.50 variant for 1KD-FTV engine,"Land Cruiser 70/75/79 Series, Prado - 1KD-FTV","engine,timing,1hz,seals,1kd-ftv",Genuine Toyota Japan,225.67,631.88,43,5
550acd99-1c43-4c6e-908c-b6d99bb9341c,13568-19195-V01,Timing Belt LH 1HDT,Camshaft timing belt - LH variant for 1HDT engine,"Land Cruiser 70/75/79 Series, Prado - 1HDT","engine,timing,1hz,gearbox,1hdt",Genuine Toyota Japan,566.35,1585.78,50,5
45398296-51a9-485e-8331-e4d15901e4df,13568-19195-V02,Timing Belt 0.50 1HDT,Camshaft timing belt - 0.50 variant for 1HDT engine,"Land Cruiser 70/75/79 Series, Prado - 1HDT","engine,timing,1hz,service,1hdt",Genuine Toyota Japan,1383.49,3873.77,21,5
ae67f9d9-7dee-44cf-92fb-bb0da6afcbc2,13568-19195-V03,Timing Belt LH 1KD-FTV,Camshaft timing belt - LH variant for 1KD-FTV engine,"Land Cruiser 70/75/79 Series, Prado - 1KD-FTV","engine,timing,1hz,wheels,1kd-ftv",Genuine Toyota Japan,1343.13,3760.76,29,5
763bf9cf-8f0f-413b-9cd0-5d10165c86b4,13568-19195-V04,Timing Belt Rear 5L-E,Camshaft timing belt - Rear variant for 5L-E engine,"Land Cruiser 70/75/79 Series, Prado - 5L-E","engine,timing,1hz,wheels,5l-e",Genuine Toyota Japan,1251.6,3504.48,10,5
52160ab2-59fe-4f11-86c4-b9a407f45fb3,13568-19195-V05,Timing Belt LH 1HZ,Camshaft timing belt - LH variant for 1HZ engine,"Land Cruiser 70/75/79 Series, Prado - 1HZ","engine,timing,1hz,gearbox,1hz",Genuine Toyota Japan,1320.93,3698.6,38,5
514eb21c-13c6-4600-a6d5-b2aa1c7b2b76,13568-19195-V06,Timing Belt 0.50 7L,Camshaft timing belt - 0.50 variant for 7L engine,"Land Cruiser 70/75/79 Series, Prado - 7L","engine,timing,1hz,engine,7l",Genuine Toyota Japan,658.68,1844.3,27,5
79798619-58c6-4a2e-b97e-33acc683ad7f,13568-19195-V07,Timing Belt Kit 1KD-FTV,Camshaft timing belt - Kit variant for 1KD-FTV engine,"Land Cruiser 70/75/79 Series, Prado - 1KD-FTV","engine,timing,1hz,engine,1kd-ftv",Genuine Toyota Japan,55.44,155.23,42,5
2a2b49c4-8aac-44e2-b00c-04d7864000b0,13568-19195-V08,Timing Belt RH 1HZ,Camshaft timing belt - RH variant for 1HZ engine,"Land Cruiser 70/75/79 Series, Prado - 1HZ","engine,timing,1hz,service,1hz",Genuine Toyota Japan,407.56,1141.17,28,5
d11c5ea8-0efc-42d7-a79c-1a988689c8fe,13568-19195-V09,Timing Belt RH 5L-E,Camshaft timing belt - RH variant for 5L-E engine,"Land Cruiser 70/75/79 Series, Prado - 5L-E","engine,timing,1hz,gearbox,5l-e",Genuine Toyota Japan,901.67,2524.68,17,5
6227b1df-3933-41f8-9474-d824ff3dd548,13568-19195-V10,Timing Belt Kit 1HZ,Camshaft timing belt - Kit variant for 1HZ engine,"Land Cruiser 70/75/79 Series, Prado - 1HZ","engine,timing,1hz,clutch,1hz",Genuine Toyota Japan,926.89,2595.29,40,5
ff2b5d71-f139-4a64-903e-6c3212de763c,13568-19195-V11,Timing Belt 0.25 1HDT,Camshaft timing belt - 0.25 variant for 1HDT engine,"Land Cruiser 70/75/79 Series, Prado - 1HDT","engine,timing,1hz,drivetrain,1hdt",Genuine Toyota Japan,189.52,530.66,12,5
9639e01e-5a59-4a36-86ca-2e1a25dd271b,13568-19195-V12,Timing Belt 0.50 1KD-FTV,Camshaft timing belt - 0.50 variant for 1KD-FTV engine,"Land Cruiser 70/75/79 Series, Prado - 1KD-FTV","engine,timing,1hz,gearbox,1kd-ftv",Genuine Toyota Japan,475.19,1330.53,42,5
a55894f4-f9ea-4614-a844-4bd528ead380,13568-19195-V13,Timing Belt Front 1HDT,Camshaft timing belt - Front variant for 1HDT engine,"Land Cruiser 70/75/79 Series, Prado - 1HDT","engine,timing,1hz,suspension,1hdt",Genuine Toyota Japan,974.6,2728.88,10,5
cb3d89d6-dae0-4f3a-8d29-34b346766dce,13568-19195-V14,Timing Belt Kit 1HZ,Camshaft timing belt - Kit variant for 1HZ engine,"Land Cruiser 70/75/79 Series, Prado - 1HZ","engine,timing,1hz,gearbox,1hz",Genuine Toyota Japan,697.51,1953.03,11,5
e2153aef-15e9-456e-9e26-3f6ff5b9a9bf,19850-64031,Glow Plug Kit 5L-E,Diesel glow plug - Kit variant for 5L-E engine,"Land Cruiser 70/75/79 Series, Prado - 5L-E","engine,glowplug,1hz,suspension,5l-e",Genuine Toyota Japan,909.11,2545.51,15,5
eede52f2-27c9-4fca-90e9-4e5614c953ef,19850-64031-V01,Glow Plug LH 5L-E,Diesel glow plug - LH variant for 5L-E engine,"Land Cruiser 70/75/79 Series, Prado - 5L-E","engine,glowplug,1hz,suspension,5l-e",Genuine Toyota Japan,1460.94,4090.63,8,5
29762f82-6270-4500-a0e3-06a9ea20b02b,19850-64031-V02,Glow Plug RH 1KD-FTV,Diesel glow plug - RH variant for 1KD-FTV engine,"Land Cruiser 70/75/79 Series, Prado - 1KD-FTV","engine,glowplug,1hz,clutch,1kd-ftv",Genuine Toyota Japan,1443.71,4042.39,27,5
c5a3aa57-2a06-424f-a776-cce26488c5ab,19850-64031-V03,Glow Plug Rear 7L,Diesel glow plug - Rear variant for 7L engine,"Land Cruiser 70/75/79 Series, Prado - 7L","engine,glowplug,1hz,engine,7l",Genuine Toyota Japan,508.34,1423.35,29,5
feea215e-72ae-495f-ad3a-682a387388af,19850-64031-V04,Glow Plug RH 7L,Diesel glow plug - RH variant for 7L engine,"Land Cruiser 70/75/79 Series, Prado - 7L","engine,glowplug,1hz,gearbox,7l",Genuine Toyota Japan,1038.8,2908.64,38,5
d15a762f-abbd-4afe-aa6f-8ff9cd89754f,19850-64031-V05,Glow Plug LH 1HZ,Diesel glow plug - LH variant for 1HZ engine,"Land Cruiser 70/75/79 Series, Prado - 1HZ","engine,glowplug,1hz,engine,1hz",Genuine Toyota Japan,494.61,1384.91,23,5
5fdf4b5b-0143-4dc3-be6f-c43f10559337,19850-64031-V06,Glow Plug RH 1HDT,Diesel glow plug - RH variant for 1HDT engine,"Land Cruiser 70/75/79 Series, Prado - 1HDT","engine,glowplug,1hz,seals,1hdt",Genuine Toyota Japan,491.44,1376.03,30,5
703ae25a-dea3-4be3-a939-6d0d9ca45800,19850-64031-V07,Glow Plug 0.50 5L-E,Diesel glow plug - 0.50 variant for 5L-E engine,"Land Cruiser 70/75/79 Series, Prado - 5L-E","engine,glowplug,1hz,service,5l-e",Genuine Toyota Japan,435.86,1220.41,31,5
439cc156-c3e0-4473-b381-6d1bbfab024d,19850-64031-V08,Glow Plug Kit 5L-E,Diesel glow plug - Kit variant for 5L-E engine,"Land Cruiser 70/75/79 Series, Prado - 5L-E","engine,glowplug,1hz,engine,5l-e",Genuine Toyota Japan,764.15,2139.62,33,5
507af26f-01d7-453d-8c04-1e6952972386,19850-64031-V09,Glow Plug 0.50 7L,Diesel glow plug - 0.50 variant for 7L engine,"Land Cruiser 70/75/79 Series, Prado - 7L","engine,glowplug,1hz,engine,7l",Genuine Toyota Japan,1130.56,3165.57,47,5
80620fc4-5286-4978-9985-f0b074b5d695,19850-64031-V10,Glow Plug Kit 5L-E,Diesel glow plug - Kit variant for 5L-E engine,"Land Cruiser 70/75/79 Series, Prado - 5L-E","engine,glowplug,1hz,drivetrain,5l-e",Genuine Toyota Japan,383.22,1073.02,34,5
7c48d5a6-7ca1-4f5a-98e6-e85ee9cf24f9,19850-64031-V11,Glow Plug 0.50 5L-E,Diesel glow plug - 0.50 variant for 5L-E engine,"Land Cruiser 70/75/79 Series, Prado - 5L-E","engine,glowplug,1hz,suspension,5l-e",Genuine Toyota Japan,483.47,1353.72,36,5
ebda1b03-df19-4c24-acdd-45c1d434c3e9,19850-64031-V12,Glow Plug LH 1HDT,Diesel glow plug - LH variant for 1HDT engine,"Land Cruiser 70/75/79 Series, Prado - 1HDT","engine,glowplug,1hz,wheels,1hdt",Genuine Toyota Japan,103.26,289.13,41,5
379c0265-94cc-4b44-8742-4ada09bfafad,19850-64031-V13,Glow Plug Rear 1HDT,Diesel glow plug - Rear variant for 1HDT engine,"Land Cruiser 70/75/79 Series, Prado - 1HDT","engine,glowplug,1hz,service,1hdt",Genuine Toyota Japan,1017.1,2847.88,27,5
de6d49d4-b835-4d83-81b0-ad8f8057b916,19850-64031-V14,Glow Plug LH 1HDT,Diesel glow plug - LH variant for 1HDT engine,"Land Cruiser 70/75/79 Series, Prado - 1HDT","engine,glowplug,1hz,seals,1hdt",Genuine Toyota Japan,353.41,989.55,23,5
f9280e86-cb07-4b0e-86bf-106fc0e6bc97,27060-17010,Alternator Assembly 12V RH 1HZ,Complete alternator - RH variant for 1HZ engine,"Land Cruiser 70/75/79 Series, Prado - 1HZ","engine,electrical,1hz,drivetrain,1hz",Genuine Toyota Japan,427.57,1197.2,19,5
40f58dd1-f633-42d7-94d1-13eff1e99bbd,27060-17010-V01,Alternator Assembly 12V 0.50 1HDT,Complete alternator - 0.50 variant for 1HDT engine,"Land Cruiser 70/75/79 Series, Prado - 1HDT","engine,electrical,1hz,clutch,1hdt",Genuine Toyota Japan,652.1,1825.88,24,5
ab1adf2c-b026-4a3c-ad30-bfd15c4f3f27,27060-17010-V02,Alternator Assembly 12V Rear 1HZ,Complete alternator - Rear variant for 1HZ engine,"Land Cruiser 70/75/79 Series, Prado - 1HZ","engine,electrical,1hz,clutch,1hz",Genuine Toyota Japan,987.6,2765.28,29,5
49b9a97c-b553-4586-9826-a38a0c2607d3,27060-17010-V03,Alternator Assembly 12V Front 1HZ,Complete alternator - Front variant for 1HZ engine,"Land Cruiser 70/75/79 Series, Prado - 1HZ","engine,electrical,1hz,engine,1hz",Genuine Toyota Japan,983.48,2753.74,48,5
e9084955-044f-49cf-9a72-f7f49ed612d2,27060-17010-V04,Alternator Assembly 12V STD 1KD-FTV,Complete alternator - STD variant for 1KD-FTV engine,"Land Cruiser 70/75/79 Series, Prado - 1KD-FTV","engine,electrical,1hz,clutch,1kd-ftv",Genuine Toyota Japan,532.49,1490.97,41,5
79c3266f-651e-43b1-9d72-edbf2dcc2e2c,27060-17010-V05,Alternator Assembly 12V 0.50 1HZ,Complete alternator - 0.50 variant for 1HZ engine,"Land Cruiser 70/75/79 Series, Prado - 1HZ","engine,electrical,1hz,suspension,1hz",Genuine Toyota Japan,221.95,621.46,23,5
154de18b-37b8-49ca-a1d1-221fdb173459,27060-17010-V06,Alternator Assembly 12V 0.25 1KD-FTV,Complete alternator - 0.25 variant for 1KD-FTV engine,"Land Cruiser 70/75/79 Series, Prado - 1KD-FTV","engine,electrical,1hz,engine,1kd-ftv",Genuine Toyota Japan,424.64,1188.99,39,5
effb9d12-2300-493d-a975-3d9cb737801a,27060-17010-V07,Alternator Assembly 12V LH 1HZ,Complete alternator - LH variant for 1HZ engine,"Land Cruiser 70/75/79 Series, Prado - 1HZ","engine,electrical,1hz,drivetrain,1hz",Genuine Toyota Japan,717.47,2008.92,39,5
9a6419fe-ece8-4774-ac5c-8789936202ab,27060-17010-V08,Alternator Assembly 12V LH 7L,Complete alternator - LH variant for 7L engine,"Land Cruiser 70/75/79 Series, Prado - 7L","engine,electrical,1hz,gearbox,7l",Genuine Toyota Japan,454.5,1272.6,22,5
26e7aa8f-38df-475a-9d2e-c0435762b492,27060-17010-V09,Alternator Assembly 12V 0.25 5L-E,Complete alternator - 0.25 variant for 5L-E engine,"Land Cruiser 70/75/79 Series, Prado - 5L-E","engine,electrical,1hz,seals,5l-e",Genuine Toyota Japan,141.96,397.49,13,5
0f3b69e5-0d2f-4805-a09d-43059622d91d,27060-17010-V10,Alternator Assembly 12V LH 1KD-FTV,Complete alternator - LH variant for 1KD-FTV engine,"Land Cruiser 70/75/79 Series, Prado - 1KD-FTV","engine,electrical,1hz,gearbox,1kd-ftv",Genuine Toyota Japan,1009.79,2827.41,5,5
9d92a2d9-529e-401d-b531-a3e8a8fc2e0f,27060-17010-V11,Alternator Assembly 12V 0.50 1KD-FTV,Complete alternator - 0.50 variant for 1KD-FTV engine,"Land Cruiser 70/75/79 Series, Prado - 1KD-FTV","engine,electrical,1hz,suspension,1kd-ftv",Genuine Toyota Japan,1311.09,3671.05,25,5
66438805-b5ba-4218-b698-0282b1230756,27060-17010-V12,Alternator Assembly 12V Rear 5L-E,Complete alternator - Rear variant for 5L-E engine,"Land Cruiser 70/75/79 Series, Prado - 5L-E","engine,electrical,1hz,engine,5l-e",Genuine Toyota Japan,48.3,135.24,30,5
abad00d9-5374-4a75-8736-5eabd7c87082,27060-17010-V13,Alternator Assembly 12V Rear 1KD-FTV,Complete alternator - Rear variant for 1KD-FTV engine,"Land Cruiser 70/75/79 Series, Prado - 1KD-FTV","engine,electrical,1hz,service,1kd-ftv",Genuine Toyota Japan,75.82,212.3,28,5
d8221c71-244a-4678-b33c-49ea7a06e669,27060-17010-V14,Alternator Assembly 12V STD 1KD-FTV,Complete alternator - STD variant for 1KD-FTV engine,"Land Cruiser 70/75/79 Series, Prado - 1KD-FTV","engine,electrical,1hz,suspension,1kd-ftv",Genuine Toyota Japan,662.95,1856.26,41,5
917a6a6d-557e-421b-aa33-a3d83f6238ae,23810-30060,Fuel Common Rail Assy Front 1HZ,Common rail fuel injector rail - Front variant for 1HZ engine,"Land Cruiser 70/75/79 Series, Prado - 1HZ","engine,fuel,1kd,clutch,1hz",Genuine Toyota Japan,1463.32,4097.3,36,5
82f770d9-6693-4ea3-ad60-f3aeec6e7346,23810-30060-V01,Fuel Common Rail Assy Kit 7L,Common rail fuel injector rail - Kit variant for 7L engine,"Land Cruiser 70/75/79 Series, Prado - 7L","engine,fuel,1kd,gearbox,7l",Genuine Toyota Japan,1097.55,3073.14,49,5
b6873a09-5e21-4d39-8dee-25538b68b07d,23810-30060-V02,Fuel Common Rail Assy RH 1KD-FTV,Common rail fuel injector rail - RH variant for 1KD-FTV engine,"Land Cruiser 70/75/79 Series, Prado - 1KD-FTV","engine,fuel,1kd,wheels,1kd-ftv",Genuine Toyota Japan,460.74,1290.07,30,5
9bd6dc65-2e9a-45b9-86e8-21cfd9ed7165,23810-30060-V03,Fuel Common Rail Assy LH 1HZ,Common rail fuel injector rail - LH variant for 1HZ engine,"Land Cruiser 70/75/79 Series, Prado - 1HZ","engine,fuel,1kd,gearbox,1hz",Genuine Toyota Japan,1118.96,3133.09,45,5
06258dfd-4c92-4501-bb26-2abe3d0c4913,23810-30060-V04,Fuel Common Rail Assy RH 1KD-FTV,Common rail fuel injector rail - RH variant for 1KD-FTV engine,"Land Cruiser 70/75/79 Series, Prado - 1KD-FTV","engine,fuel,1kd,gearbox,1kd-ftv",Genuine Toyota Japan,857.74,2401.67,15,5
4df9b6de-2b52-4e51-8fbb-a2cd8ddc044e,23810-30060-V05,Fuel Common Rail Assy STD 1HZ,Common rail fuel injector rail - STD variant for 1HZ engine,"Land Cruiser 70/75/79 Series, Prado - 1HZ","engine,fuel,1kd,service,1hz",Genuine Toyota Japan,316.51,886.23,49,5
fc0e44de-2a33-48e7-9908-83b7124f683b,23810-30060-V06,Fuel Common Rail Assy RH 1HZ,Common rail fuel injector rail - RH variant for 1HZ engine,"Land Cruiser 70/75/79 Series, Prado - 1HZ","engine,fuel,1kd,service,1hz",Genuine Toyota Japan,651.81,1825.07,25,5
fe3cc4df-e57f-45b3-95af-9d1e7ef8fabb,23810-30060-V07,Fuel Common Rail Assy Rear 1HDT,Common rail fuel injector rail - Rear variant for 1HDT engine,"Land Cruiser 70/75/79 Series, Prado - 1HDT","engine,fuel,1kd,clutch,1hdt",Genuine Toyota Japan,1049.51,2938.63,28,5
07d687fd-7e7d-4ec7-bab9-50eb334e82c4,23810-30060-V08,Fuel Common Rail Assy Kit 1KD-FTV,Common rail fuel injector rail - Kit variant for 1KD-FTV engine,"Land Cruiser 70/75/79 Series, Prado - 1KD-FTV","engine,fuel,1kd,gearbox,1kd-ftv",Genuine Toyota Japan,326.05,912.94,23,5
147e99ba-82b0-4933-8df1-bd0ec59a3fe2,23810-30060-V09,Fuel Common Rail Assy Kit 5L-E,Common rail fuel injector rail - Kit variant for 5L-E engine,"Land Cruiser 70/75/79 Series, Prado - 5L-E","engine,fuel,1kd,gearbox,5l-e",Genuine Toyota Japan,78.17,218.88,25,5
329f9788-127a-4e63-b9ff-a57ea1a1907c,23810-30060-V10,Fuel Common Rail Assy Kit 7L,Common rail fuel injector rail - Kit variant for 7L engine,"Land Cruiser 70/75/79 Series, Prado - 7L","engine,fuel,1kd,drivetrain,7l",Genuine Toyota Japan,188.91,528.95,35,5
4c3f81c2-1823-4f93-827b-7700ba077c62,23810-30060-V11,Fuel Common Rail Assy RH 1HZ,Common rail fuel injector rail - RH variant for 1HZ engine,"Land Cruiser 70/75/79 Series, Prado - 1HZ","engine,fuel,1kd,clutch,1hz",Genuine Toyota Japan,868.13,2430.76,8,5
e7dac8cf-1653-4818-855e-2b62a45094ac,23810-30060-V12,Fuel Common Rail Assy Front 5L-E,Common rail fuel injector rail - Front variant for 5L-E engine,"Land Cruiser 70/75/79 Series, Prado - 5L-E","engine,fuel,1kd,seals,5l-e",Genuine Toyota Japan,487.96,1366.29,23,5
d1670ec2-01cc-403d-88e1-ec758019265c,23810-30060-V13,Fuel Common Rail Assy Kit 1HZ,Common rail fuel injector rail - Kit variant for 1HZ engine,"Land Cruiser 70/75/79 Series, Prado - 1HZ","engine,fuel,1kd,seals,1hz",Genuine Toyota Japan,715.04,2002.11,43,5
4ffbc4ea-2084-431e-9481-be7266bb5002,23810-30060-V14,Fuel Common Rail Assy Kit 5L-E,Common rail fuel injector rail - Kit variant for 5L-E engine,"Land Cruiser 70/75/79 Series, Prado - 5L-E","engine,fuel,1kd,gearbox,5l-e",Genuine Toyota Japan,478.62,1340.14,8,5
6700edda-9238-44a2-8ca9-aa0cc1a702d6,17801-30080,Air Filter Element Kit 1HDT,Engine air filter - Kit variant for 1HDT engine,"Land Cruiser 70/75/79 Series, Prado - 1HDT","service,filter,1kd,drivetrain,1hdt",Genuine Toyota Japan,402.15,1126.02,49,5
958a92c6-9785-422a-87e5-a0d2e1ef0f60,17801-30080-V01,Air Filter Element 0.50 5L-E,Engine air filter - 0.50 variant for 5L-E engine,"Land Cruiser 70/75/79 Series, Prado - 5L-E","service,filter,1kd,drivetrain,5l-e",Genuine Toyota Japan,475.01,1330.03,41,5
9378ca79-88fa-476e-b41e-062015915e11,17801-30080-V02,Air Filter Element Rear 7L,Engine air filter - Rear variant for 7L engine,"Land Cruiser 70/75/79 Series, Prado - 7L","service,filter,1kd,gearbox,7l",Genuine Toyota Japan,528.93,1481.0,34,5
a2932a50-5a9d-43a8-afef-84d0db00c9d3,17801-30080-V03,Air Filter Element RH 7L,Engine air filter - RH variant for 7L engine,"Land Cruiser 70/75/79 Series, Prado - 7L","service,filter,1kd,clutch,7l",Genuine Toyota Japan,154.57,432.8,45,5
41aa7897-b186-4638-8dd5-2edac8c6a3a9,17801-30080-V04,Air Filter Element STD 1KD-FTV,Engine air filter - STD variant for 1KD-FTV engine,"Land Cruiser 70/75/79 Series, Prado - 1KD-FTV","service,filter,1kd,drivetrain,1kd-ftv",Genuine Toyota Japan,406.31,1137.67,7,5
33acfd28-80ee-4780-8461-ee0a700486c5,17801-30080-V05,Air Filter Element STD 5L-E,Engine air filter - STD variant for 5L-E engine,"Land Cruiser 70/75/79 Series, Prado - 5L-E","service,filter,1kd,suspension,5l-e",Genuine Toyota Japan,536.5,1502.2,38,5
0bb7864f-d1f4-497f-aeb4-727160cbca73,17801-30080-V06,Air Filter Element Rear 7L,Engine air filter - Rear variant for 7L engine,"Land Cruiser 70/75/79 Series, Prado - 7L","service,filter,1kd,engine,7l",Genuine Toyota Japan,386.49,1082.17,31,5
5afea550-fda9-4d2e-a466-1ce59baa5ae2,17801-30080-V07,Air Filter Element Kit 1KD-FTV,Engine air filter - Kit variant for 1KD-FTV engine,"Land Cruiser 70/75/79 Series, Prado - 1KD-FTV","service,filter,1kd,engine,1kd-ftv",Genuine Toyota Japan,1041.1,2915.08,50,5
b4f0ed5e-1d0e-4ee3-9c4b-d4aea67c97f0,17801-30080-V08,Air Filter Element 0.25 1HZ,Engine air filter - 0.25 variant for 1HZ engine,"Land Cruiser 70/75/79 Series, Prado - 1HZ","service,filter,1kd,wheels,1hz",Genuine Toyota Japan,92.91,260.15,33,5
d78c79cd-2500-4d08-90da-241851b9dccd,17801-30080-V09,Air Filter Element RH 5L-E,Engine air filter - RH variant for 5L-E engine,"Land Cruiser 70/75/79 Series, Prado - 5L-E","service,filter,1kd,service,5l-e",Genuine Toyota Japan,809.67,2267.08,12,5
8175687d-3c6d-44ad-903e-58df8c9ba8c1,17801-30080-V10,Air Filter Element 0.25 7L,Engine air filter - 0.25 variant for 7L engine,"Land Cruiser 70/75/79 Series, Prado - 7L","service,filter,1kd,wheels,7l",Genuine Toyota Japan,61.66,172.65,9,5
2ebea50e-8918-43dc-8271-0f71b8c19a5a,17801-30080-V11,Air Filter Element 0.25 1KD-FTV,Engine air filter - 0.25 variant for 1KD-FTV engine,"Land Cruiser 70/75/79 Series, Prado - 1KD-FTV","service,filter,1kd,suspension,1kd-ftv",Genuine Toyota Japan,983.07,2752.6,5,5
0a59b247-2bf2-4462-ace2-9f4af24d9cab,17801-30080-V12,Air Filter Element 0.25 5L-E,Engine air filter - 0.25 variant for 5L-E engine,"Land Cruiser 70/75/79 Series, Prado - 5L-E","service,filter,1kd,drivetrain,5l-e",Genuine Toyota Japan,1060.31,2968.87,6,5
a9c95c4e-ce85-4e34-a60a-20688decc4b1,17801-30080-V13,Air Filter Element 0.25 1HZ,Engine air filter - 0.25 variant for 1HZ engine,"Land Cruiser 70/75/79 Series, Prado - 1HZ","service,filter,1kd,drivetrain,1hz",Genuine Toyota Japan,583.72,1634.42,21,5
c094f4b2-6a89-4b80-938c-5926d5a0feeb,17801-30080-V14,Air Filter Element Front 1HDT,Engine air filter - Front variant for 1HDT engine,"Land Cruiser 70/75/79 Series, Prado - 1HDT","service,filter,1kd,clutch,1hdt",Genuine Toyota Japan,1071.69,3000.73,15,5
e34bf2cc-dcf9-4cb9-bb90-7531d5001726,13101-30200-01,Piston Set 1KD Front 1HZ,Piston + rings set (STD) - Front variant for 1HZ engine,"Land Cruiser 70/75/79 Series, Prado - 1HZ","engine,piston,1kd,service,1hz",Genuine Toyota Japan,535.88,1500.46,45,5
2c15070b-644f-49d3-89a4-80061daa77f1,13101-30200-01-V01,Piston Set 1KD 0.50 1KD-FTV,Piston + rings set (STD) - 0.50 variant for 1KD-FTV engine,"Land Cruiser 70/75/79 Series, Prado - 1KD-FTV","engine,piston,1kd,seals,1kd-ftv",Genuine Toyota Japan,371.65,1040.62,30,5
5625dfea-241b-49eb-842f-09d5bf03db00,13101-30200-01-V02,Piston Set 1KD Kit 1KD-FTV,Piston + rings set (STD) - Kit variant for 1KD-FTV engine,"Land Cruiser 70/75/79 Series, Prado - 1KD-FTV","engine,piston,1kd,suspension,1kd-ftv",Genuine Toyota Japan,1142.34,3198.55,26,5
813266f9-2f03-4666-91ec-57afea43e411,13101-30200-01-V03,Piston Set 1KD Rear 7L,Piston + rings set (STD) - Rear variant for 7L engine,"Land Cruiser 70/75/79 Series, Prado - 7L","engine,piston,1kd,wheels,7l",Genuine Toyota Japan,1053.16,2948.85,9,5
f1073cf9-f0bc-4c31-905e-9fa53c3e3d36,13101-30200-01-V04,Piston Set 1KD STD 1HZ,Piston + rings set (STD) - STD variant for 1HZ engine,"Land Cruiser 70/75/79 Series, Prado - 1HZ","engine,piston,1kd,engine,1hz",Genuine Toyota Japan,373.28,1045.18,37,5
b159f183-67c2-4a92-8577-439b3dcb3fbb,13101-30200-01-V05,Piston Set 1KD LH 1KD-FTV,Piston + rings set (STD) - LH variant for 1KD-FTV engine,"Land Cruiser 70/75/79 Series, Prado - 1KD-FTV","engine,piston,1kd,wheels,1kd-ftv",Genuine Toyota Japan,123.44,345.63,46,5
e643777f-233f-4355-bcc1-c6b767cf5fef,13101-30200-01-V06,Piston Set 1KD Kit 1KD-FTV,Piston + rings set (STD) - Kit variant for 1KD-FTV engine,"Land Cruiser 70/75/79 Series, Prado - 1KD-FTV","engine,piston,1kd,suspension,1kd-ftv",Genuine Toyota Japan,149.35,418.18,18,5
7c98416f-f513-4fba-b1c6-b23ac62214da,13101-30200-01-V07,Piston Set 1KD STD 1HDT,Piston + rings set (STD) - STD variant for 1HDT engine,"Land Cruiser 70/75/79 Series, Prado - 1HDT","engine,piston,1kd,engine,1hdt",Genuine Toyota Japan,101.01,282.83,38,5
7562020d-ab61-43c1-bea4-74a326f8e033,13101-30200-01-V08,Piston Set 1KD Kit 1HZ,Piston + rings set (STD) - Kit variant for 1HZ engine,"Land Cruiser 70/75/79 Series, Prado - 1HZ","engine,piston,1kd,wheels,1hz",Genuine Toyota Japan,574.76,1609.33,39,5
97a00a88-1fa9-4ab4-bf52-301bdddc2829,13101-30200-01-V09,Piston Set 1KD STD 1KD-FTV,Piston + rings set (STD) - STD variant for 1KD-FTV engine,"Land Cruiser 70/75/79 Series, Prado - 1KD-FTV","engine,piston,1kd,engine,1kd-ftv",Genuine Toyota Japan,596.77,1670.96,43,5
3d2bcf58-4135-417d-a924-416c0a666456,13101-30200-01-V10,Piston Set 1KD RH 7L,Piston + rings set (STD) - RH variant for 7L engine,"Land Cruiser 70/75/79 Series, Prado - 7L","engine,piston,1kd,suspension,7l",Genuine Toyota Japan,200.68,561.9,11,5
38669b70-2746-43df-a1ec-ab8d2374f3ae,13101-30200-01-V11,Piston Set 1KD 0.50 1HDT,Piston + rings set (STD) - 0.50 variant for 1HDT engine,"Land Cruiser 70/75/79 Series, Prado - 1HDT","engine,piston,1kd,engine,1hdt",Genuine Toyota Japan,1227.71,3437.59,35,5
c12c0f2c-eebc-4735-8ff1-9ea3c256b383,13101-30200-01-V12,Piston Set 1KD RH 1HZ,Piston + rings set (STD) - RH variant for 1HZ engine,"Land Cruiser 70/75/79 Series, Prado - 1HZ","engine,piston,1kd,drivetrain,1hz",Genuine Toyota Japan,912.25,2554.3,40,5
5e83414b-713b-4560-84da-d6fa4ec1852a,13101-30200-01-V13,Piston Set 1KD Rear 5L-E,Piston + rings set (STD) - Rear variant for 5L-E engine,"Land Cruiser 70/75/79 Series, Prado - 5L-E","engine,piston,1kd,seals,5l-e",Genuine Toyota Japan,1004.82,2813.5,27,5
2b3c5486-cebd-42b4-a75d-25e57c8abc4e,13101-30200-01-V14,Piston Set 1KD 0.50 7L,Piston + rings set (STD) - 0.50 variant for 7L engine,"Land Cruiser 70/75/79 Series, Prado - 7L","engine,piston,1kd,clutch,7l",Genuine Toyota Japan,213.1,596.68,46,5
74ef66e8-48ba-48bb-9d01-ed31a625a18e,16100-59257,Water Pump 5L-E LH 5L-E,Coolant pump - LH variant for 5L-E engine,"Land Cruiser 70/75/79 Series, Prado - 5L-E","engine,cooling,5l,engine,5l-e",Genuine Toyota Japan,208.96,585.09,43,5
2663747b-bb27-4332-ab07-6216f58d878c,16100-59257-V01,Water Pump 5L-E Kit 5L-E,Coolant pump - Kit variant for 5L-E engine,"Land Cruiser 70/75/79 Series, Prado - 5L-E","engine,cooling,5l,suspension,5l-e",Genuine Toyota Japan,458.49,1283.77,15,5
3a6f6c4c-6652-4f58-8fdb-bb82ac83af2c,16100-59257-V02,Water Pump 5L-E LH 1HDT,Coolant pump - LH variant for 1HDT engine,"Land Cruiser 70/75/79 Series, Prado - 1HDT","engine,cooling,5l,seals,1hdt",Genuine Toyota Japan,674.7,1889.16,42,5
8f10d4b0-464c-4b00-b302-a9b0d5c754ab,16100-59257-V03,Water Pump 5L-E LH 1HDT,Coolant pump - LH variant for 1HDT engine,"Land Cruiser 70/75/79 Series, Prado - 1HDT","engine,cooling,5l,gearbox,1hdt",Genuine Toyota Japan,403.96,1131.09,13,5
ffaa9326-6100-4d73-9feb-040fcec5b756,16100-59257-V04,Water Pump 5L-E RH 5L-E,Coolant pump - RH variant for 5L-E engine,"Land Cruiser 70/75/79 Series, Prado - 5L-E","engine,cooling,5l,engine,5l-e",Genuine Toyota Japan,248.38,695.46,35,5
deb1e334-2b8d-472c-b891-aa733c80dc1f,16100-59257-V05,Water Pump 5L-E STD 7L,Coolant pump - STD variant for 7L engine,"Land Cruiser 70/75/79 Series, Prado - 7L","engine,cooling,5l,seals,7l",Genuine Toyota Japan,75.26,210.73,22,5
c266b6b5-c3ca-46d3-9c49-fa00d639cbab,16100-59257-V06,Water Pump 5L-E STD 1KD-FTV,Coolant pump - STD variant for 1KD-FTV engine,"Land Cruiser 70/75/79 Series, Prado - 1KD-FTV","engine,cooling,5l,gearbox,1kd-ftv",Genuine Toyota Japan,236.89,663.29,41,5
428caed9-229e-4d58-8837-89d32ba8efca,16100-59257-V07,Water Pump 5L-E STD 1HDT,Coolant pump - STD variant for 1HDT engine,"Land Cruiser 70/75/79 Series, Prado - 1HDT","engine,cooling,5l,clutch,1hdt",Genuine Toyota Japan,1056.27,2957.56,18,5
f8a57a05-9e12-49bb-95d7-843ea0f43e13,16100-59257-V08,Water Pump 5L-E RH 1KD-FTV,Coolant pump - RH variant for 1KD-FTV engine,"Land Cruiser 70/75/79 Series, Prado - 1KD-FTV","engine,cooling,5l,clutch,1kd-ftv",Genuine Toyota Japan,931.86,2609.21,19,5
a827fed6-646a-4092-b6b2-8da25dd449df,16100-59257-V09,Water Pump 5L-E Front 1KD-FTV,Coolant pump - Front variant for 1KD-FTV engine,"Land Cruiser 70/75/79 Series, Prado - 1KD-FTV","engine,cooling,5l,seals,1kd-ftv",Genuine Toyota Japan,278.5,779.8,9,5
de7260e0-76ab-4e96-bd41-1fcdebd247ae,16100-59257-V10,Water Pump 5L-E RH 1HZ,Coolant pump - RH variant for 1HZ engine,"Land Cruiser 70/75/79 Series, Prado - 1HZ","engine,cooling,5l,wheels,1hz",Genuine Toyota Japan,1078.04,3018.51,50,5
b83fed73-d416-47a6-8a31-65bb4d66540e,16100-59257-V11,Water Pump 5L-E RH 7L,Coolant pump - RH variant for 7L engine,"Land Cruiser 70/75/79 Series, Prado - 7L","engine,cooling,5l,gearbox,7l",Genuine Toyota Japan,915.44,2563.23,27,5
1ddaf7e7-4316-4023-9f5a-80ac20c9022b,16100-59257-V12,Water Pump 5L-E Kit 1HDT,Coolant pump - Kit variant for 1HDT engine,"Land Cruiser 70/75/79 Series, Prado - 1HDT","engine,cooling,5l,drivetrain,1hdt",Genuine Toyota Japan,868.67,2432.28,16,5
c8f6759b-9ac5-4511-81a6-f7c8b2475b16,16100-59257-V13,Water Pump 5L-E LH 1KD-FTV,Coolant pump - LH variant for 1KD-FTV engine,"Land Cruiser 70/75/79 Series, Prado - 1KD-FTV","engine,cooling,5l,wheels,1kd-ftv",Genuine Toyota Japan,722.76,2023.73,48,5
8a00aaef-3417-49bc-b1ed-fe86cc9b9504,16100-59257-V14,Water Pump 5L-E Kit 1HDT,Coolant pump - Kit variant for 1HDT engine,"Land Cruiser 70/75/79 Series, Prado - 1HDT","engine,cooling,5l,wheels,1hdt",Genuine Toyota Japan,379.41,1062.35,15,5
ac7f1976-77c9-4d40-bc5e-d029a52f0ef0,13101-54120,Piston 5L-E STD 1HDT,Engine piston STD - STD variant for 1HDT engine,"Land Cruiser 70/75/79 Series, Prado - 1HDT","engine,piston,5l,clutch,1hdt",Genuine Toyota Japan,1009.87,2827.64,28,5
fead0e28-57d4-41f0-8de2-73dc6f29af43,13101-54120-V01,Piston 5L-E 0.25 1HZ,Engine piston STD - 0.25 variant for 1HZ engine,"Land Cruiser 70/75/79 Series, Prado - 1HZ","engine,piston,5l,seals,1hz",Genuine Toyota Japan,381.71,1068.79,37,5
ba62c82b-cd6a-4e7c-8b73-40400bd91b06,13101-54120-V02,Piston 5L-E 0.25 1KD-FTV,Engine piston STD - 0.25 variant for 1KD-FTV engine,"Land Cruiser 70/75/79 Series, Prado - 1KD-FTV","engine,piston,5l,service,1kd-ftv",Genuine Toyota Japan,271.22,759.42,13,5
9b80bf38-bff9-4f63-aa9d-ae1569a6a5e6,13101-54120-V03,Piston 5L-E 0.25 1HZ,Engine piston STD - 0.25 variant for 1HZ engine,"Land Cruiser 70/75/79 Series, Prado - 1HZ","engine,piston,5l,wheels,1hz",Genuine Toyota Japan,606.66,1698.65,5,5
873f61bb-7d20-4cb5-9a0a-9db44a394f01,13101-54120-V04,Piston 5L-E STD 1KD-FTV,Engine piston STD - STD variant for 1KD-FTV engine,"Land Cruiser 70/75/79 Series, Prado - 1KD-FTV","engine,piston,5l,suspension,1kd-ftv",Genuine Toyota Japan,369.76,1035.33,33,5
18e20d6c-dd80-4f6b-aa69-4bc22e17deaa,13101-54120-V05,Piston 5L-E Front 1HZ,Engine piston STD - Front variant for 1HZ engine,"Land Cruiser 70/75/79 Series, Prado - 1HZ","engine,piston,5l,gearbox,1hz",Genuine Toyota Japan,614.74,1721.27,16,5
5861c1ce-ccc4-4b37-a10a-b401bab2ec61,13101-54120-V06,Piston 5L-E RH 5L-E,Engine piston STD - RH variant for 5L-E engine,"Land Cruiser 70/75/79 Series, Prado - 5L-E","engine,piston,5l,seals,5l-e",Genuine Toyota Japan,94.97,265.92,6,5
4e5010fc-42b8-4b1a-a14f-9924fc0bb0e9,13101-54120-V07,Piston 5L-E 0.50 1HZ,Engine piston STD - 0.50 variant for 1HZ engine,"Land Cruiser 70/75/79 Series, Prado - 1HZ","engine,piston,5l,wheels,1hz",Genuine Toyota Japan,678.74,1900.47,35,5
397ca1f0-8234-46a5-90de-db0406b78417,13101-54120-V08,Piston 5L-E 0.25 7L,Engine piston STD - 0.25 variant for 7L engine,"Land Cruiser 70/75/79 Series, Prado - 7L","engine,piston,5l,drivetrain,7l",Genuine Toyota Japan,39.22,109.82,42,5
e10dd1cb-04fd-4b4f-bbdf-ccecd1c85e59,13101-54120-V09,Piston 5L-E RH 1KD-FTV,Engine piston STD - RH variant for 1KD-FTV engine,"Land Cruiser 70/75/79 Series, Prado - 1KD-FTV","engine,piston,5l,seals,1kd-ftv",Genuine Toyota Japan,344.21,963.79,11,5
84c05720-858c-438c-bc18-9ddadd4302d8,13101-54120-V10,Piston 5L-E RH 1KD-FTV,Engine piston STD - RH variant for 1KD-FTV engine,"Land Cruiser 70/75/79 Series, Prado - 1KD-FTV","engine,piston,5l,service,1kd-ftv",Genuine Toyota Japan,640.34,1792.95,15,5
4493ab20-975e-4996-9ac0-d2a3434c2ca2,13101-54120-V11,Piston 5L-E Kit 7L,Engine piston STD - Kit variant for 7L engine,"Land Cruiser 70/75/79 Series, Prado - 7L","engine,piston,5l,seals,7l",Genuine Toyota Japan,541.73,1516.84,38,5
de6660ae-c497-46ee-a2fd-26a0e574cce1,13101-54120-V12,Piston 5L-E Rear 7L,Engine piston STD - Rear variant for 7L engine,"Land Cruiser 70/75/79 Series, Prado - 7L","engine,piston,5l,seals,7l",Genuine Toyota Japan,107.59,301.25,25,5
a7750151-4bde-4dd6-944a-88e54072850d,13101-54120-V13,Piston 5L-E STD 7L,Engine piston STD - STD variant for 7L engine,"Land Cruiser 70/75/79 Series, Prado - 7L","engine,piston,5l,drivetrain,7l",Genuine Toyota Japan,580.19,1624.53,17,5
53c4e3bd-b1a6-43f7-9c44-47ef740a582a,13101-54120-V14,Piston 5L-E Front 5L-E,Engine piston STD - Front variant for 5L-E engine,"Land Cruiser 70/75/79 Series, Prado - 5L-E","engine,piston,5l,gearbox,5l-e",Genuine Toyota Japan,676.63,1894.56,24,5
56991590-09f5-42a0-a142-fef72430968a,48510-60050,Front Shock Absorber Kit 1KD-FTV,Heavy duty front shock - Kit variant for 1KD-FTV engine,"Land Cruiser 70/75/79 Series, Prado - 1KD-FTV","suspension,shock,70series,seals,1kd-ftv",Genuine Toyota Japan,60.6,169.68,27,5
deedac79-9f9b-4f6b-a4a8-f3cf81c63328,48510-60050-V01,Front Shock Absorber LH 1HDT,Heavy duty front shock - LH variant for 1HDT engine,"Land Cruiser 70/75/79 Series, Prado - 1HDT","suspension,shock,70series,engine,1hdt",Genuine Toyota Japan,483.23,1353.04,8,5
c28fd1fd-f614-4d23-bb39-59cc3986495e,48510-60050-V02,Front Shock Absorber RH 1KD-FTV,Heavy duty front shock - RH variant for 1KD-FTV engine,"Land Cruiser 70/75/79 Series, Prado - 1KD-FTV","suspension,shock,70series,suspension,1kd-ftv",Genuine Toyota Japan,1106.05,3096.94,6,5
029dfb28-11a5-4283-82b0-9b390a0f22cf,48510-60050-V03,Front Shock Absorber 0.50 1KD-FTV,Heavy duty front shock - 0.50 variant for 1KD-FTV engine,"Land Cruiser 70/75/79 Series, Prado - 1KD-FTV","suspension,shock,70series,seals,1kd-ftv",Genuine Toyota Japan,600.82,1682.3,14,5
0754a299-bf0d-403f-9edb-b37e52d1dec4,48510-60050-V04,Front Shock Absorber 0.25 5L-E,Heavy duty front shock - 0.25 variant for 5L-E engine,"Land Cruiser 70/75/79 Series, Prado - 5L-E","suspension,shock,70series,engine,5l-e",Genuine Toyota Japan,983.72,2754.42,24,5
5c84a37b-3cd6-498d-a624-4c7bf0710b27,48510-60050-V05,Front Shock Absorber Kit 1HZ,Heavy duty front shock - Kit variant for 1HZ engine,"Land Cruiser 70/75/79 Series, Prado - 1HZ","suspension,shock,70series,drivetrain,1hz",Genuine Toyota Japan,1215.07,3402.2,48,5
1b79668d-39d7-4376-bb6d-3f22b79d286e,48510-60050-V06,Front Shock Absorber LH 1HZ,Heavy duty front shock - LH variant for 1HZ engine,"Land Cruiser 70/75/79 Series, Prado - 1HZ","suspension,shock,70series,gearbox,1hz",Genuine Toyota Japan,550.17,1540.48,5,5
400d6e7a-834c-4cf5-aaf6-c8d5f95a6cf8,48510-60050-V07,Front Shock Absorber Kit 1HDT,Heavy duty front shock - Kit variant for 1HDT engine,"Land Cruiser 70/75/79 Series, Prado - 1HDT","suspension,shock,70series,service,1hdt",Genuine Toyota Japan,1051.63,2944.56,39,5
c44a6934-97d1-4fee-a6ee-c1bfa0e6f62b,48510-60050-V08,Front Shock Absorber Front 5L-E,Heavy duty front shock - Front variant for 5L-E engine,"Land Cruiser 70/75/79 Series, Prado - 5L-E","suspension,shock,70series,service,5l-e",Genuine Toyota Japan,301.9,845.32,43,5
b9f903ad-a39a-41dd-9d79-11f11172b45a,48510-60050-V09,Front Shock Absorber LH 5L-E,Heavy duty front shock - LH variant for 5L-E engine,"Land Cruiser 70/75/79 Series, Prado - 5L-E","suspension,shock,70series,service,5l-e",Genuine Toyota Japan,1376.66,3854.65,29,5
3713a9de-e50e-4609-bb6b-53ec9c8d0d6f,48510-60050-V10,Front Shock Absorber STD 1HZ,Heavy duty front shock - STD variant for 1HZ engine,"Land Cruiser 70/75/79 Series, Prado - 1HZ","suspension,shock,70series,wheels,1hz",Genuine Toyota Japan,482.67,1351.48,25,5
04d35b51-f1d2-45c8-81ef-10d399dc887b,48510-60050-V11,Front Shock Absorber Rear 7L,Heavy duty front shock - Rear variant for 7L engine,"Land Cruiser 70/75/79 Series, Prado - 7L","suspension,shock,70series,suspension,7l",Genuine Toyota Japan,1126.19,3153.33,34,5
84d269cf-c7bf-4c7e-884e-163b03c158bc,48510-60050-V12,Front Shock Absorber Kit 1HZ,Heavy duty front shock - Kit variant for 1HZ engine,"Land Cruiser 70/75/79 Series, Prado - 1HZ","suspension,shock,70series,suspension,1hz",Genuine Toyota Japan,578.0,1618.4,26,5
21502ae7-e9b7-4600-85ab-0447ae0e56cb,48510-60050-V13,Front Shock Absorber Front 1HDT,Heavy duty front shock - Front variant for 1HDT engine,"Land Cruiser 70/75/79 Series, Prado - 1HDT","suspension,shock,70series,suspension,1hdt",Genuine Toyota Japan,577.35,1616.58,25,5
b9b44cc1-21ce-47a1-9db3-abcb8cf7d601,48510-60050-V14,Front Shock Absorber STD 7L,Heavy duty front shock - STD variant for 7L engine,"Land Cruiser 70/75/79 Series, Prado - 7L","suspension,shock,70series,clutch,7l",Genuine Toyota Japan,169.63,474.96,7,5
47aaedef-420a-42a2-af17-82e958df4756,90369-38007,Wheel Bearing Kit Front STD 7L,Front hub wheel bearing - STD variant for 7L engine,"Land Cruiser 70/75/79 Series, Prado - 7L","wheels,bearing,70series,suspension,7l",Genuine Toyota Japan,823.39,2305.49,8,5
1c2b6834-f1c0-46e1-9dd3-dd6499fd6ed0,90369-38007-V01,Wheel Bearing Kit Front Kit 5L-E,Front hub wheel bearing - Kit variant for 5L-E engine,"Land Cruiser 70/75/79 Series, Prado - 5L-E","wheels,bearing,70series,seals,5l-e",Genuine Toyota Japan,478.64,1340.19,46,5
b88f30e2-9c0c-4ce2-b3b1-05a151127dcb,90369-38007-V02,Wheel Bearing Kit Front Kit 7L,Front hub wheel bearing - Kit variant for 7L engine,"Land Cruiser 70/75/79 Series, Prado - 7L","wheels,bearing,70series,gearbox,7l",Genuine Toyota Japan,78.8,220.64,10,5
6b3856fa-29f5-4328-943a-e3ac94f3435a,90369-38007-V03,Wheel Bearing Kit Front Rear 1HZ,Front hub wheel bearing - Rear variant for 1HZ engine,"Land Cruiser 70/75/79 Series, Prado - 1HZ","wheels,bearing,70series,drivetrain,1hz",Genuine Toyota Japan,842.85,2359.98,13,5
49c68d09-1b7c-4850-89fe-230071761052,90369-38007-V04,Wheel Bearing Kit Front RH 1HDT,Front hub wheel bearing - RH variant for 1HDT engine,"Land Cruiser 70/75/79 Series, Prado - 1HDT","wheels,bearing,70series,engine,1hdt",Genuine Toyota Japan,71.34,199.75,8,5
c360f6be-8adb-4d31-ba21-22421f54b29f,90369-38007-V05,Wheel Bearing Kit Front LH 7L,Front hub wheel bearing - LH variant for 7L engine,"Land Cruiser 70/75/79 Series, Prado - 7L","wheels,bearing,70series,wheels,7l",Genuine Toyota Japan,1166.49,3266.17,17,5
c658728f-c5ce-49fd-9284-80970131789c,90369-38007-V06,Wheel Bearing Kit Front 0.50 1KD-FTV,Front hub wheel bearing - 0.50 variant for 1KD-FTV engine,"Land Cruiser 70/75/79 Series, Prado - 1KD-FTV","wheels,bearing,70series,seals,1kd-ftv",Genuine Toyota Japan,986.27,2761.56,16,5
09524038-486b-4481-8cf9-5eba262ef6d7,90369-38007-V07,Wheel Bearing Kit Front Kit 1KD-FTV,Front hub wheel bearing - Kit variant for 1KD-FTV engine,"Land Cruiser 70/75/79 Series, Prado - 1KD-FTV","wheels,bearing,70series,seals,1kd-ftv",Genuine Toyota Japan,219.08,613.42,9,5
51ba91a7-e4c3-4037-bfb9-b306a63d3850,90369-38007-V08,Wheel Bearing Kit Front Kit 1KD-FTV,Front hub wheel bearing - Kit variant for 1KD-FTV engine,"Land Cruiser 70/75/79 Series, Prado - 1KD-FTV","wheels,bearing,70series,wheels,1kd-ftv",Genuine Toyota Japan,858.84,2404.75,20,5
b0e74b2d-b773-423e-bdb1-f04463494a07,90369-38007-V09,Wheel Bearing Kit Front LH 1HZ,Front hub wheel bearing - LH variant for 1HZ engine,"Land Cruiser 70/75/79 Series, Prado - 1HZ","wheels,bearing,70series,service,1hz",Genuine Toyota Japan,788.01,2206.43,50,5
f1122614-d404-4a3e-ae06-e85b7604c4b2,90369-38007-V10,Wheel Bearing Kit Front LH 1KD-FTV,Front hub wheel bearing - LH variant for 1KD-FTV engine,"Land Cruiser 70/75/79 Series, Prado - 1KD-FTV","wheels,bearing,70series,suspension,1kd-ftv",Genuine Toyota Japan,314.58,880.82,28,5
66f39338-7dd2-4f8b-8f24-4be1ab82f228,90369-38007-V11,Wheel Bearing Kit Front 0.50 5L-E,Front hub wheel bearing - 0.50 variant for 5L-E engine,"Land Cruiser 70/75/79 Series, Prado - 5L-E","wheels,bearing,70series,seals,5l-e",Genuine Toyota Japan,970.31,2716.87,46,5
a3513aa7-4b23-44fc-a015-a40023662670,90369-38007-V12,Wheel Bearing Kit Front LH 1HZ,Front hub wheel bearing - LH variant for 1HZ engine,"Land Cruiser 70/75/79 Series, Prado - 1HZ","wheels,bearing,70series,engine,1hz",Genuine Toyota Japan,1115.1,3122.28,30,5
68b9cb7b-9b6b-4bb3-9760-fe43a5a48cbb,90369-38007-V13,Wheel Bearing Kit Front LH 7L,Front hub wheel bearing - LH variant for 7L engine,"Land Cruiser 70/75/79 Series, Prado - 7L","wheels,bearing,70series,engine,7l",Genuine Toyota Japan,1006.72,2818.82,48,5
5b796246-216d-48f8-ac2d-3a04d3065061,90369-38007-V14,Wheel Bearing Kit Front 0.50 7L,Front hub wheel bearing - 0.50 variant for 7L engine,"Land Cruiser 70/75/79 Series, Prado - 7L","wheels,bearing,70series,seals,7l",Genuine Toyota Japan,209.49,586.57,17,5
a263cb38-8f4a-4501-bc52-3f4ddd479a72,42431-60070,Brake Drum Rear Kit 7L,Rear brake drum - Kit variant for 7L engine,"Land Cruiser 70/75/79 Series, Prado - 7L","brake,drum,70series,wheels,7l",Genuine Toyota Japan,1392.19,3898.13,25,5
1d0b5766-4e46-4cdd-8bae-cfd6e881685c,42431-60070-V01,Brake Drum Rear Front 7L,Rear brake drum - Front variant for 7L engine,"Land Cruiser 70/75/79 Series, Prado - 7L","brake,drum,70series,engine,7l",Genuine Toyota Japan,420.21,1176.59,10,5
63c3875e-4f2a-43d5-a4fc-a52c3cfbd815,42431-60070-V02,Brake Drum Rear 0.50 5L-E,Rear brake drum - 0.50 variant for 5L-E engine,"Land Cruiser 70/75/79 Series, Prado - 5L-E","brake,drum,70series,service,5l-e",Genuine Toyota Japan,395.42,1107.18,22,5
60165b51-30bc-40b6-abb8-5c4718e86205,42431-60070-V03,Brake Drum Rear Rear 1HDT,Rear brake drum - Rear variant for 1HDT engine,"Land Cruiser 70/75/79 Series, Prado - 1HDT","brake,drum,70series,wheels,1hdt",Genuine Toyota Japan,108.89,304.89,46,5
1a7923cf-5c4d-4fd0-8378-75e414806568,42431-60070-V04,Brake Drum Rear STD 1HZ,Rear brake drum - STD variant for 1HZ engine,"Land Cruiser 70/75/79 Series, Prado - 1HZ","brake,drum,70series,seals,1hz",Genuine Toyota Japan,333.89,934.89,50,5
a03cd178-277e-41e2-979f-143a2c5cf7a7,42431-60070-V05,Brake Drum Rear 0.50 1HZ,Rear brake drum - 0.50 variant for 1HZ engine,"Land Cruiser 70/75/79 Series, Prado - 1HZ","brake,drum,70series,service,1hz",Genuine Toyota Japan,605.04,1694.11,40,5
82d457ea-c437-4961-88c5-826675e5b5d2,42431-60070-V06,Brake Drum Rear 0.50 5L-E,Rear brake drum - 0.50 variant for 5L-E engine,"Land Cruiser 70/75/79 Series, Prado - 5L-E","brake,drum,70series,suspension,5l-e",Genuine Toyota Japan,281.3,787.64,15,5
77e2ca1a-cbcc-4c2e-9874-a7ee552804bc,42431-60070-V07,Brake Drum Rear Kit 5L-E,Rear brake drum - Kit variant for 5L-E engine,"Land Cruiser 70/75/79 Series, Prado - 5L-E","brake,drum,70series,seals,5l-e",Genuine Toyota Japan,741.59,2076.45,16,5
6bcdb548-a95e-4948-b14b-77646d734a67,42431-60070-V08,Brake Drum Rear Kit 1KD-FTV,Rear brake drum - Kit variant for 1KD-FTV engine,"Land Cruiser 70/75/79 Series, Prado - 1KD-FTV","brake,drum,70series,suspension,1kd-ftv",Genuine Toyota Japan,1341.41,3755.95,13,5
d7c7e57d-3a08-4ec7-8a76-68e008d73092,42431-60070-V09,Brake Drum Rear Front 5L-E,Rear brake drum - Front variant for 5L-E engine,"Land Cruiser 70/75/79 Series, Prado - 5L-E","brake,drum,70series,drivetrain,5l-e",Genuine Toyota Japan,713.76,1998.53,34,5
99816f46-e0dd-4d39-804b-15b49abbea32,42431-60070-V10,Brake Drum Rear Front 7L,Rear brake drum - Front variant for 7L engine,"Land Cruiser 70/75/79 Series, Prado - 7L","brake,drum,70series,suspension,7l",Genuine Toyota Japan,86.62,242.54,25,5
667a4579-855d-4091-8de0-7ce2ed121c1b,42431-60070-V11,Brake Drum Rear Rear 1HZ,Rear brake drum - Rear variant for 1HZ engine,"Land Cruiser 70/75/79 Series, Prado - 1HZ","brake,drum,70series,gearbox,1hz",Genuine Toyota Japan,211.36,591.81,5,5
d431c111-4e95-40d4-b3c5-bfefd8c3fa21,42431-60070-V12,Brake Drum Rear 0.25 7L,Rear brake drum - 0.25 variant for 7L engine,"Land Cruiser 70/75/79 Series, Prado - 7L","brake,drum,70series,gearbox,7l",Genuine Toyota Japan,1178.44,3299.63,8,5
a9dc32c8-71e2-4dae-a7fd-128aaf4b2de0,42431-60070-V13,Brake Drum Rear STD 1KD-FTV,Rear brake drum - STD variant for 1KD-FTV engine,"Land Cruiser 70/75/79 Series, Prado - 1KD-FTV","brake,drum,70series,clutch,1kd-ftv",Genuine Toyota Japan,993.05,2780.54,44,5
19c633bd-07a6-417e-a555-e7ab454b1ef2,42431-60070-V14,Brake Drum Rear STD 1HZ,Rear brake drum - STD variant for 1HZ engine,"Land Cruiser 70/75/79 Series, Prado - 1HZ","brake,drum,70series,seals,1hz",Genuine Toyota Japan,676.87,1895.24,15,5
ddd412c4-c0f2-4237-9664-c1f53344db80,90311-41009,Oil Seal Front Hub RH 1HZ,Front hub oil seal - RH variant for 1HZ engine,"Land Cruiser 70/75/79 Series, Prado - 1HZ","seal,drivetrain,70series,clutch,1hz",Genuine Toyota Japan,1222.22,3422.22,16,5
da94b1b1-7be1-4386-8240-75c0e0cce649,90311-41009-V01,Oil Seal Front Hub Kit 1HZ,Front hub oil seal - Kit variant for 1HZ engine,"Land Cruiser 70/75/79 Series, Prado - 1HZ","seal,drivetrain,70series,clutch,1hz",Genuine Toyota Japan,640.66,1793.85,9,5
667ada19-26f0-41b8-9442-629dc022e162,90311-41009-V02,Oil Seal Front Hub 0.25 5L-E,Front hub oil seal - 0.25 variant for 5L-E engine,"Land Cruiser 70/75/79 Series, Prado - 5L-E","seal,drivetrain,70series,service,5l-e",Genuine Toyota Japan,1004.22,2811.82,26,5
20f4cd37-fb01-4f3c-8893-21ff5e20945b,90311-41009-V03,Oil Seal Front Hub Kit 1HZ,Front hub oil seal - Kit variant for 1HZ engine,"Land Cruiser 70/75/79 Series, Prado - 1HZ","seal,drivetrain,70series,service,1hz",Genuine Toyota Japan,788.29,2207.21,14,5
5aed9442-242b-4fb5-b49c-ec5a737645c9,90311-41009-V04,Oil Seal Front Hub LH 5L-E,Front hub oil seal - LH variant for 5L-E engine,"Land Cruiser 70/75/79 Series, Prado - 5L-E","seal,drivetrain,70series,service,5l-e",Genuine Toyota Japan,148.96,417.09,13,5
e905b3f3-5059-4516-83da-a2e14bfc774b,90311-41009-V05,Oil Seal Front Hub 0.50 5L-E,Front hub oil seal - 0.50 variant for 5L-E engine,"Land Cruiser 70/75/79 Series, Prado - 5L-E","seal,drivetrain,70series,service,5l-e",Genuine Toyota Japan,685.6,1919.68,18,5
2c0bc3b4-81bd-4616-9b54-2a0ebb355013,90311-41009-V06,Oil Seal Front Hub 0.50 7L,Front hub oil seal - 0.50 variant for 7L engine,"Land Cruiser 70/75/79 Series, Prado - 7L","seal,drivetrain,70series,service,7l",Genuine Toyota Japan,315.08,882.22,41,5
de2d0739-c044-4aef-a88a-66bd68876aa0,90311-41009-V07,Oil Seal Front Hub Rear 5L-E,Front hub oil seal - Rear variant for 5L-E engine,"Land Cruiser 70/75/79 Series, Prado - 5L-E","seal,drivetrain,70series,seals,5l-e",Genuine Toyota Japan,187.95,526.26,23,5
67038f34-c260-4aa1-ac54-4bbc01d90df8,90311-41009-V08,Oil Seal Front Hub STD 7L,Front hub oil seal - STD variant for 7L engine,"Land Cruiser 70/75/79 Series, Prado - 7L","seal,drivetrain,70series,drivetrain,7l",Genuine Toyota Japan,573.69,1606.33,23,5
c2a2a6f8-209f-4039-a2a9-b6feb0be7991,90311-41009-V09,Oil Seal Front Hub STD 1HZ,Front hub oil seal - STD variant for 1HZ engine,"Land Cruiser 70/75/79 Series, Prado - 1HZ","seal,drivetrain,70series,drivetrain,1hz",Genuine Toyota Japan,713.92,1998.98,25,5
965b56ba-f7fc-4830-ba79-1216c96e313c,90311-41009-V10,Oil Seal Front Hub RH 1HZ,Front hub oil seal - RH variant for 1HZ engine,"Land Cruiser 70/75/79 Series, Prado - 1HZ","seal,drivetrain,70series,drivetrain,1hz",Genuine Toyota Japan,947.06,2651.77,25,5
b324fa21-a2e1-475c-a2da-12cec7c0d512,90311-41009-V11,Oil Seal Front Hub 0.50 1HDT,Front hub oil seal - 0.50 variant for 1HDT engine,"Land Cruiser 70/75/79 Series, Prado - 1HDT","seal,drivetrain,70series,drivetrain,1hdt",Genuine Toyota Japan,121.13,339.16,32,5
70dd4a7a-2671-4f4d-8dd0-1a5de8a5869c,90311-41009-V12,Oil Seal Front Hub STD 1KD-FTV,Front hub oil seal - STD variant for 1KD-FTV engine,"Land Cruiser 70/75/79 Series, Prado - 1KD-FTV","seal,drivetrain,70series,wheels,1kd-ftv",Genuine Toyota Japan,414.61,1160.91,16,5
370e65e2-928a-42ce-91c4-3d30d5bab9f7,90311-41009-V13,Oil Seal Front Hub RH 5L-E,Front hub oil seal - RH variant for 5L-E engine,"Land Cruiser 70/75/79 Series, Prado - 5L-E","seal,drivetrain,70series,service,5l-e",Genuine Toyota Japan,545.28,1526.78,45,5
d671381f-6d12-4439-bfa9-623401ec8425,90311-41009-V14,Oil Seal Front Hub STD 1KD-FTV,Front hub oil seal - STD variant for 1KD-FTV engine,"Land Cruiser 70/75/79 Series, Prado - 1KD-FTV","seal,drivetrain,70series,seals,1kd-ftv",Genuine Toyota Japan,596.73,1670.84,44,5
39f68feb-423a-4514-8007-c2c359566f4b,90915-03006,Oil Filter RH 5L-E,Engine oil filter - RH variant for 5L-E engine,"Land Cruiser 70/75/79 Series, Prado - 5L-E","service,filter,all,clutch,5l-e",Genuine Toyota Japan,241.46,676.09,6,5
22688d79-3624-4dfd-bca7-723f878f91dd,90915-03006-V01,Oil Filter Rear 5L-E,Engine oil filter - Rear variant for 5L-E engine,"Land Cruiser 70/75/79 Series, Prado - 5L-E","service,filter,all,seals,5l-e",Genuine Toyota Japan,318.44,891.63,39,5
cf0d3521-3d93-4e5c-a24c-1471a2c21988,90915-03006-V02,Oil Filter LH 1HZ,Engine oil filter - LH variant for 1HZ engine,"Land Cruiser 70/75/79 Series, Prado - 1HZ","service,filter,all,engine,1hz",Genuine Toyota Japan,1393.16,3900.85,50,5
f8c51dc7-49dc-4139-9b6a-d2caa2868d2e,90915-03006-V03,Oil Filter RH 1HZ,Engine oil filter - RH variant for 1HZ engine,"Land Cruiser 70/75/79 Series, Prado - 1HZ","service,filter,all,clutch,1hz",Genuine Toyota Japan,394.62,1104.94,6,5
9f2c6635-5014-44d3-aa0d-8da52fe7876a,90915-03006-V04,Oil Filter STD 5L-E,Engine oil filter - STD variant for 5L-E engine,"Land Cruiser 70/75/79 Series, Prado - 5L-E","service,filter,all,clutch,5l-e",Genuine Toyota Japan,515.53,1443.48,18,5
f640197f-9c74-4bc5-b765-dfe417378146,90915-03006-V05,Oil Filter 0.25 5L-E,Engine oil filter - 0.25 variant for 5L-E engine,"Land Cruiser 70/75/79 Series, Prado - 5L-E","service,filter,all,suspension,5l-e",Genuine Toyota Japan,108.18,302.9,21,5
02e2aa22-0c2e-4ff9-a45a-fff4d79e962b,90915-03006-V06,Oil Filter LH 1HDT,Engine oil filter - LH variant for 1HDT engine,"Land Cruiser 70/75/79 Series, Prado - 1HDT","service,filter,all,drivetrain,1hdt",Genuine Toyota Japan,1310.74,3670.07,21,5
3de7a845-c02f-456f-bc3c-64f6cb863ddf,90915-03006-V07,Oil Filter Front 7L,Engine oil filter - Front variant for 7L engine,"Land Cruiser 70/75/79 Series, Prado - 7L","service,filter,all,service,7l",Genuine Toyota Japan,125.63,351.76,40,5
7ea92fdc-6e61-441c-8a70-4e779152f668,90915-03006-V08,Oil Filter Kit 7L,Engine oil filter - Kit variant for 7L engine,"Land Cruiser 70/75/79 Series, Prado - 7L","service,filter,all,seals,7l",Genuine Toyota Japan,1170.31,3276.87,35,5
eaa825db-8f7f-4e98-a398-82c8347684d3,90915-03006-V09,Oil Filter LH 7L,Engine oil filter - LH variant for 7L engine,"Land Cruiser 70/75/79 Series, Prado - 7L","service,filter,all,gearbox,7l",Genuine Toyota Japan,878.22,2459.02,16,5
01404332-5a26-4bc5-955c-a56f385e94bc,90915-03006-V10,Oil Filter Rear 5L-E,Engine oil filter - Rear variant for 5L-E engine,"Land Cruiser 70/75/79 Series, Prado - 5L-E","service,filter,all,wheels,5l-e",Genuine Toyota Japan,309.35,866.18,11,5
e37a6a5d-40a4-4c54-a678-0d753be96f20,90915-03006-V11,Oil Filter RH 1HZ,Engine oil filter - RH variant for 1HZ engine,"Land Cruiser 70/75/79 Series, Prado - 1HZ","service,filter,all,gearbox,1hz",Genuine Toyota Japan,632.2,1770.16,27,5
3ac0abaa-13cc-4b72-a083-ab5e3d14ee5f,90915-03006-V12,Oil Filter RH 7L,Engine oil filter - RH variant for 7L engine,"Land Cruiser 70/75/79 Series, Prado - 7L","service,filter,all,seals,7l",Genuine Toyota Japan,981.18,2747.3,25,5
db2155fa-0114-406c-b126-6706ce0d02da,90915-03006-V13,Oil Filter Rear 5L-E,Engine oil filter - Rear variant for 5L-E engine,"Land Cruiser 70/75/79 Series, Prado - 5L-E","service,filter,all,gearbox,5l-e",Genuine Toyota Japan,1169.72,3275.22,6,5
86b757a4-0cca-48b8-921a-f3a1db438c7e,90915-03006-V14,Oil Filter Rear 7L,Engine oil filter - Rear variant for 7L engine,"Land Cruiser 70/75/79 Series, Prado - 7L","service,filter,all,seals,7l",Genuine Toyota Japan,152.92,428.18,40,5
7be0d134-e25b-4f52-8e1d-79452e602c4f,23390-51588,Fuel Filter Element LH,Diesel fuel filter - Genuine Toyota,Land Cruiser 70 Series & Prado 1KD/1HZ,"service,filter,clutch",Genuine Toyota Japan,203.83,570.72,12,5
8e82c225-3691-41eb-811d-b1b66879c1f2,23390-51119,Fuel Filter Element STD,Diesel fuel filter - Genuine Toyota,Land Cruiser 70 Series & Prado 1KD/1HZ,"service,filter,clutch",Genuine Toyota Japan,285.35,798.98,17,5
e9435eb4-f370-4af7-9532-76e1c71bb425,23390-51585,Fuel Filter Element Rear,Diesel fuel filter - Genuine Toyota,Land Cruiser 70 Series & Prado 1KD/1HZ,"service,filter,clutch",Genuine Toyota Japan,333.68,934.3,50,5
d1227548-2f5a-48ff-a41f-f1a8b5fc2041,23390-51958,Fuel Filter Element LH,Diesel fuel filter - Genuine Toyota,Land Cruiser 70 Series & Prado 1KD/1HZ,"service,filter,clutch",Genuine Toyota Japan,312.13,873.96,16,5
fa70cb68-9a45-4024-ac52-1a0fa50ee0bb,23390-51958,Fuel Filter Element Kit,Diesel fuel filter - Genuine Toyota,Land Cruiser 70 Series & Prado 1KD/1HZ,"service,filter,clutch",Genuine Toyota Japan,360.29,1008.81,32,5
a2586ab7-6293-4ec4-8926-e0041d08d652,23390-51588,Fuel Filter Element RH,Diesel fuel filter - Genuine Toyota,Land Cruiser 70 Series & Prado 1KD/1HZ,"service,filter,clutch",Genuine Toyota Japan,397.14,1111.99,50,5
289902d9-3e9b-47f1-8682-ff3553b8a3dd,23390-51385,Fuel Filter Element LH,Diesel fuel filter - Genuine Toyota,Land Cruiser 70 Series & Prado 1KD/1HZ,"service,filter,clutch",Genuine Toyota Japan,211.88,593.26,43,5
7b472cd4-9f61-46de-9694-3d3020e01618,23390-51839,Fuel Filter Element Rear,Diesel fuel filter - Genuine Toyota,Land Cruiser 70 Series & Prado 1KD/1HZ,"service,filter,clutch",Genuine Toyota Japan,425.36,1191.01,30,5
7522c1e2-1678-4d22-9783-dc633308aabe,23390-51374,Fuel Filter Element 0.25,Diesel fuel filter - Genuine Toyota,Land Cruiser 70 Series & Prado 1KD/1HZ,"service,filter,clutch",Genuine Toyota Japan,420.93,1178.6,18,5
ad88bb8b-ecaa-4f9c-ae67-3b1818f0543c,23390-51153,Fuel Filter Element Front,Diesel fuel filter - Genuine Toyota,Land Cruiser 70 Series & Prado 1KD/1HZ,"service,filter,clutch",Genuine Toyota Japan,371.12,1039.14,11,5
1740adb9-1480-41bf-b6b1-30b2c4d32b21,23390-51168,Fuel Filter Element 0.25,Diesel fuel filter - Genuine Toyota,Land Cruiser 70 Series & Prado 1KD/1HZ,"service,filter,clutch",Genuine Toyota Japan,131.36,367.81,72,5
ebede847-b8d8-4bc5-9bb8-13e9671571aa,23390-51834,Fuel Filter Element Front,Diesel fuel filter - Genuine Toyota,Land Cruiser 70 Series & Prado 1KD/1HZ,"service,filter,clutch",Genuine Toyota Japan,64.09,179.45,14,5
7434de9e-f230-41a1-ba45-9ef61c1c4e9c,23390-51437,Fuel Filter Element Rear,Diesel fuel filter - Genuine Toyota,Land Cruiser 70 Series & Prado 1KD/1HZ,"service,filter,clutch",Genuine Toyota Japan,298.99,837.17,55,5
11673497-d5f7-4324-9a53-14794466d06f,23390-51186,Fuel Filter Element Front,Diesel fuel filter - Genuine Toyota,Land Cruiser 70 Series & Prado 1KD/1HZ,"service,filter,clutch",Genuine Toyota Japan,86.56,242.37,63,5
e126d1b2-cecc-4f2e-a36f-0b1c387876c8,23390-51552,Fuel Filter Element STD,Diesel fuel filter - Genuine Toyota,Land Cruiser 70 Series & Prado 1KD/1HZ,"service,filter,clutch",Genuine Toyota Japan,430.56,1205.57,36,5
668eb15b-c920-46b9-8da9-fcfabb6add45,23390-51259,Fuel Filter Element 0.25,Diesel fuel filter - Genuine Toyota,Land Cruiser 70 Series & Prado 1KD/1HZ,"service,filter,clutch",Genuine Toyota Japan,286.16,801.25,61,5
adedd8b2-59ff-44a0-affd-e3caf49343fc,23390-51755,Fuel Filter Element LH,Diesel fuel filter - Genuine Toyota,Land Cruiser 70 Series & Prado 1KD/1HZ,"service,filter,clutch",Genuine Toyota Japan,429.15,1201.62,26,5
38fe3ad1-112c-42ec-af1f-ed6110562b28,23390-51387,Fuel Filter Element STD,Diesel fuel filter - Genuine Toyota,Land Cruiser 70 Series & Prado 1KD/1HZ,"service,filter,clutch",Genuine Toyota Japan,151.47,424.12,60,5
432d5b9e-9857-47a5-9c9d-044a34746235,23390-51425,Fuel Filter Element Front,Diesel fuel filter - Genuine Toyota,Land Cruiser 70 Series & Prado 1KD/1HZ,"service,filter,clutch",Genuine Toyota Japan,352.25,986.3,14,5
b443cbdf-fdea-4f48-a18d-a9396ae4eb2d,23390-51850,Fuel Filter Element LH,Diesel fuel filter - Genuine Toyota,Land Cruiser 70 Series & Prado 1KD/1HZ,"service,filter,clutch",Genuine Toyota Japan,153.92,430.98,77,5
294d8543-b4a1-4859-a1b2-41407eb48bb0,90916-02698,Fan Belt Rear,Alternator/ fan drive belt - Genuine Toyota,Land Cruiser 70 Series & Prado all,"service,filter,clutch",Genuine Toyota Japan,434.22,1215.82,30,5
41835f7e-147a-4e31-b68d-6f96d833ddba,90916-02176,Fan Belt LH,Alternator/ fan drive belt - Genuine Toyota,Land Cruiser 70 Series & Prado all,"service,filter,clutch",Genuine Toyota Japan,343.64,962.19,20,5
2a5284f7-b096-4930-86db-06244b6cb56b,90916-02295,Fan Belt LH,Alternator/ fan drive belt - Genuine Toyota,Land Cruiser 70 Series & Prado all,"service,filter,clutch",Genuine Toyota Japan,154.91,433.75,65,5
2228e474-3165-4a15-a6cf-d40f71cacf10,90916-02954,Fan Belt STD,Alternator/ fan drive belt - Genuine Toyota,Land Cruiser 70 Series & Prado all,"service,filter,clutch",Genuine Toyota Japan,53.36,149.41,29,5
e41a84c8-5afc-4c6e-9d57-d0284769ad8c,90916-02397,Fan Belt 0.25,Alternator/ fan drive belt - Genuine Toyota,Land Cruiser 70 Series & Prado all,"service,filter,clutch",Genuine Toyota Japan,376.94,1055.43,43,5
f0afc5bb-124d-471e-98bb-e5e17934f8cd,90916-02420,Fan Belt Front,Alternator/ fan drive belt - Genuine Toyota,Land Cruiser 70 Series & Prado all,"service,filter,clutch",Genuine Toyota Japan,350.43,981.2,29,5
8ca87301-c256-4113-b263-94d31e3a3918,90916-02690,Fan Belt 0.25,Alternator/ fan drive belt - Genuine Toyota,Land Cruiser 70 Series & Prado all,"service,filter,clutch",Genuine Toyota Japan,132.87,372.04,77,5
e240446c-fcb5-43e2-bbb5-2b16766e1f51,90916-02114,Fan Belt 0.25,Alternator/ fan drive belt - Genuine Toyota,Land Cruiser 70 Series & Prado all,"service,filter,clutch",Genuine Toyota Japan,413.98,1159.14,59,5
b8d18011-4ba1-414d-b838-635a8eaf0c41,90916-02394,Fan Belt 0.25,Alternator/ fan drive belt - Genuine Toyota,Land Cruiser 70 Series & Prado all,"service,filter,clutch",Genuine Toyota Japan,285.48,799.34,77,5
1d7cacd1-1190-4f30-b66c-78ffff9ede23,90916-02255,Fan Belt Front,Alternator/ fan drive belt - Genuine Toyota,Land Cruiser 70 Series & Prado all,"service,filter,clutch",Genuine Toyota Japan,158.94,445.03,79,5
64a868f2-7b77-4fb5-a938-34f556f15d2c,90916-02644,Fan Belt 0.25,Alternator/ fan drive belt - Genuine Toyota,Land Cruiser 70 Series & Prado all,"service,filter,clutch",Genuine Toyota Japan,104.05,291.34,19,5
fe9b8f21-e9c8-4218-977f-50126d3b98da,90916-02186,Fan Belt 0.25,Alternator/ fan drive belt - Genuine Toyota,Land Cruiser 70 Series & Prado all,"service,filter,clutch",Genuine Toyota Japan,38.03,106.48,69,5
10af86cf-3e25-4e42-a64d-048d581936bd,90916-02606,Fan Belt 0.50,Alternator/ fan drive belt - Genuine Toyota,Land Cruiser 70 Series & Prado all,"service,filter,clutch",Genuine Toyota Japan,221.74,620.87,14,5
4b830f7f-3842-48e7-9edb-ad73d53381e4,90916-02232,Fan Belt 0.50,Alternator/ fan drive belt - Genuine Toyota,Land Cruiser 70 Series & Prado all,"service,filter,clutch",Genuine Toyota Japan,401.84,1125.15,69,5
e4c04d91-2104-4e89-8a8a-131e2a3f6da8,90916-02342,Fan Belt Rear,Alternator/ fan drive belt - Genuine Toyota,Land Cruiser 70 Series & Prado all,"service,filter,clutch",Genuine Toyota Japan,319.72,895.22,75,5
bde0403a-b1a6-4bac-8aa4-9f78e7a46170,90916-02716,Fan Belt RH,Alternator/ fan drive belt - Genuine Toyota,Land Cruiser 70 Series & Prado all,"service,filter,clutch",Genuine Toyota Japan,87.92,246.18,79,5
6e27e64a-8a1f-4bcb-a102-e251bb98fc90,90916-02777,Fan Belt RH,Alternator/ fan drive belt - Genuine Toyota,Land Cruiser 70 Series & Prado all,"service,filter,clutch",Genuine Toyota Japan,415.0,1162.0,45,5
ce56fc03-3446-4595-a15f-2e5c2b284ad2,90916-02971,Fan Belt Kit,Alternator/ fan drive belt - Genuine Toyota,Land Cruiser 70 Series & Prado all,"service,filter,clutch",Genuine Toyota Japan,438.49,1227.77,19,5
13c00728-90f1-4925-859b-a54333107b36,90916-02678,Fan Belt STD,Alternator/ fan drive belt - Genuine Toyota,Land Cruiser 70 Series & Prado all,"service,filter,clutch",Genuine Toyota Japan,149.76,419.33,71,5
859d8912-87c0-425f-9824-448e624ceea7,90916-02463,Fan Belt 0.50,Alternator/ fan drive belt - Genuine Toyota,Land Cruiser 70 Series & Prado all,"service,filter,clutch",Genuine Toyota Japan,88.8,248.64,53,5
81c6c34d-b654-4232-8b60-9dc7a8f35e77,31250-36375,Clutch Kit 0.25,Clutch cover + disk - Genuine Toyota,Land Cruiser 70 Series & Prado 1HZ,"service,filter,clutch",Genuine Toyota Japan,157.35,440.58,68,5
3526bd55-7cd2-41fa-a7e3-b223ebd47ff4,31250-36866,Clutch Kit 0.50,Clutch cover + disk - Genuine Toyota,Land Cruiser 70 Series & Prado 1HZ,"service,filter,clutch",Genuine Toyota Japan,388.48,1087.74,14,5
484b061e-1ebd-4c8f-9917-02a35360a1bb,31250-36575,Clutch Kit LH,Clutch cover + disk - Genuine Toyota,Land Cruiser 70 Series & Prado 1HZ,"service,filter,clutch",Genuine Toyota Japan,236.15,661.22,44,5
afe60952-9f86-47ff-bf42-316281ac2cd9,31250-36629,Clutch Kit 0.50,Clutch cover + disk - Genuine Toyota,Land Cruiser 70 Series & Prado 1HZ,"service,filter,clutch",Genuine Toyota Japan,229.52,642.66,73,5
1173cf37-2cc6-46a5-a175-c7a499fd8010,31250-36751,Clutch Kit STD,Clutch cover + disk - Genuine Toyota,Land Cruiser 70 Series & Prado 1HZ,"service,filter,clutch",Genuine Toyota Japan,169.93,475.8,21,5
77613a0e-ada4-4838-98f9-dba06d318282,31250-36200,Clutch Kit 0.50,Clutch cover + disk - Genuine Toyota,Land Cruiser 70 Series & Prado 1HZ,"service,filter,clutch",Genuine Toyota Japan,395.2,1106.56,77,5
8a61fabf-1d56-4445-b382-eff7004681a6,31250-36609,Clutch Kit Kit,Clutch cover + disk - Genuine Toyota,Land Cruiser 70 Series & Prado 1HZ,"service,filter,clutch",Genuine Toyota Japan,365.51,1023.43,40,5
23b33a0a-c45c-4556-85f7-aaf8bfb0a740,31250-36704,Clutch Kit STD,Clutch cover + disk - Genuine Toyota,Land Cruiser 70 Series & Prado 1HZ,"service,filter,clutch",Genuine Toyota Japan,424.47,1188.52,34,5
923ffa37-cca1-4c71-baf2-aee6af00031c,31250-36113,Clutch Kit Rear,Clutch cover + disk - Genuine Toyota,Land Cruiser 70 Series & Prado 1HZ,"service,filter,clutch",Genuine Toyota Japan,390.2,1092.56,37,5
c5339d3b-de70-4f41-aed6-b77cc839734b,31250-36806,Clutch Kit Kit,Clutch cover + disk - Genuine Toyota,Land Cruiser 70 Series & Prado 1HZ,"service,filter,clutch",Genuine Toyota Japan,389.03,1089.28,25,5
edd2a7c6-0879-4492-8e09-4adc0b14f34a,31250-36584,Clutch Kit 0.50,Clutch cover + disk - Genuine Toyota,Land Cruiser 70 Series & Prado 1HZ,"service,filter,clutch",Genuine Toyota Japan,114.81,321.47,72,5
8b026fdf-8e73-4629-9ae4-d6d7e6d4e875,31250-36113,Clutch Kit 0.50,Clutch cover + disk - Genuine Toyota,Land Cruiser 70 Series & Prado 1HZ,"service,filter,clutch",Genuine Toyota Japan,391.65,1096.62,34,5
2d153d31-02b2-4b8c-8b8f-689c49f82ab9,31250-36754,Clutch Kit 0.25,Clutch cover + disk - Genuine Toyota,Land Cruiser 70 Series & Prado 1HZ,"service,filter,clutch",Genuine Toyota Japan,208.59,584.05,44,5
a3c4e646-244d-49ab-915b-f59e26060337,31250-36353,Clutch Kit LH,Clutch cover + disk - Genuine Toyota,Land Cruiser 70 Series & Prado 1HZ,"service,filter,clutch",Genuine Toyota Japan,238.43,667.6,47,5
d05f5563-7a0a-47d4-bf65-54a9a270d8f2,31250-36436,Clutch Kit 0.50,Clutch cover + disk - Genuine Toyota,Land Cruiser 70 Series & Prado 1HZ,"service,filter,clutch",Genuine Toyota Japan,337.18,944.1,25,5
9cdd3efc-4750-4d8c-8d5b-5d57b07d7366,31250-36891,Clutch Kit Kit,Clutch cover + disk - Genuine Toyota,Land Cruiser 70 Series & Prado 1HZ,"service,filter,clutch",Genuine Toyota Japan,440.33,1232.92,30,5
090b2a18-cd51-4f9a-8ea3-a0c59d8e42b2,31250-36239,Clutch Kit 0.25,Clutch cover + disk - Genuine Toyota,Land Cruiser 70 Series & Prado 1HZ,"service,filter,clutch",Genuine Toyota Japan,235.69,659.93,22,5
e36c46cb-479c-429d-b8f9-9319803de567,31250-36264,Clutch Kit Front,Clutch cover + disk - Genuine Toyota,Land Cruiser 70 Series & Prado 1HZ,"service,filter,clutch",Genuine Toyota Japan,370.44,1037.23,23,5
256db8be-7fc1-4f78-806e-32ab6d6a88a2,31250-36173,Clutch Kit Rear,Clutch cover + disk - Genuine Toyota,Land Cruiser 70 Series & Prado 1HZ,"service,filter,clutch",Genuine Toyota Japan,199.18,557.7,37,5
b04f18ac-96f0-4657-9a7f-00d0591bc78a,31250-36504,Clutch Kit Rear,Clutch cover + disk - Genuine Toyota,Land Cruiser 70 Series & Prado 1HZ,"service,filter,clutch",Genuine Toyota Japan,210.86,590.41,33,5
